transaction_id,known_anomaly,anomaly_type,anomaly_reason
T000001,0,none,
T000002,0,none,
T000003,0,none,
T000004,0,none,
T000005,0,none,
T000006,0,none,
T000007,0,none,
T000008,0,none,
T000009,0,none,
T000010,0,none,
T000011,0,none,
T000012,0,none,
T000013,0,none,
T000014,0,none,
T000015,1,suspicious_combination,Very large weight (205.47 kg) combined with unusually low total value for Motor
T000016,0,none,
T000017,1,weight_outlier_low,Weight implausibly small (0.043 kg) for Battery item (was 17.58 kg)
T000018,0,none,
T000019,0,none,
T000020,0,none,
T000021,0,none,
T000022,0,none,
T000023,0,none,
T000024,0,none,
T000025,0,none,
T000026,0,none,
T000027,0,none,
T000028,0,none,
T000029,0,none,
T000030,0,none,
T000031,0,none,
T000032,0,none,
T000033,0,none,
T000034,1,price_outlier_low,Price per kg far below normal synthetic distribution for Other
T000035,1,geo_mismatch,"Coordinates correspond to Ghaziabad but recorded city/state is Chandigarh, unusually far for a Recycler Pickup transaction"
T000036,0,none,
T000037,0,none,
T000038,0,none,
T000039,0,none,
T000040,0,none,
T000041,0,none,
T000042,0,none,
T000043,0,none,
T000044,1,price_outlier_high,Price per kg unrealistically high for Motor
T000045,0,none,
T000046,0,none,
T000047,0,none,
T000048,0,none,
T000049,0,none,
T000050,0,none,
T000051,0,none,
T000052,1,price_outlier_high,Price per kg unrealistically high for CRT
T000053,0,none,
T000054,0,none,
T000055,0,none,
T000056,0,none,
T000057,0,none,
T000058,0,none,
T000059,0,none,
T000060,0,none,
T000061,0,none,
T000062,0,none,
T000063,0,none,
T000064,1,price_outlier_low,Price per kg far below normal synthetic distribution for Cable
T000065,0,none,
T000066,0,none,
T000067,0,none,
T000068,0,none,
T000069,1,suspicious_combination,Unusually high price for Motor despite Poor/Damaged condition
T000070,0,none,
T000071,0,none,
T000072,0,none,
T000073,0,none,
T000074,0,none,
T000075,0,none,
T000076,0,none,
T000077,1,price_outlier_low,Price per kg far below normal synthetic distribution for CRT
T000078,0,none,
T000079,0,none,
T000080,0,none,
T000081,0,none,
T000082,0,none,
T000083,0,none,
T000084,0,none,
T000085,0,none,
T000086,0,none,
T000087,0,none,
T000088,0,none,
T000089,0,none,
T000090,0,none,
T000091,0,none,
T000092,0,none,
T000093,0,none,
T000094,0,none,
T000095,0,none,
T000096,0,none,
T000097,0,none,
T000098,0,none,
T000099,0,none,
T000100,0,none,
T000101,0,none,
T000102,0,none,
T000103,0,none,
T000104,0,none,
T000105,0,none,
T000106,0,none,
T000107,0,none,
T000108,0,none,
T000109,0,none,
T000110,0,none,
T000111,0,none,
T000112,0,none,
T000113,0,none,
T000114,0,none,
T000115,0,none,
T000116,1,geo_mismatch,"Coordinates correspond to Chandigarh but recorded city/state is Delhi, unusually far for a Recycler Pickup transaction"
T000117,0,none,
T000118,0,none,
T000119,0,none,
T000120,1,weight_outlier_high,Weight implausibly large (376.64 kg) for PCB item (was 4.14 kg)
T000121,0,none,
T000122,0,none,
T000123,0,none,
T000124,0,none,
T000125,0,none,
T000126,0,none,
T000127,0,none,
T000128,0,none,
T000129,0,none,
T000130,0,none,
T000131,0,none,
T000132,0,none,
T000133,0,none,
T000134,0,none,
T000135,0,none,
T000136,0,none,
T000137,0,none,
T000138,0,none,
T000139,0,none,
T000140,0,none,
T000141,0,none,
T000142,0,none,
T000143,0,none,
T000144,0,none,
T000145,0,none,
T000146,0,none,
T000147,0,none,
T000148,1,value_mismatch,final_sale_value (19335.77) inconsistent with weight_kg x final_price_per_kg (expected ~2892.91)
T000149,0,none,
T000150,0,none,
T000151,0,none,
T000152,1,value_mismatch,final_sale_value (82.01) inconsistent with weight_kg x final_price_per_kg (expected ~1330.02)
T000153,0,none,
T000154,1,value_mismatch,final_sale_value (63293.97) inconsistent with weight_kg x final_price_per_kg (expected ~13350.73)
T000155,0,none,
T000156,0,none,
T000157,0,none,
T000158,1,suspicious_combination,Unusually high price for Cable despite Poor/Damaged condition
T000159,0,none,
T000160,0,none,
T000161,0,none,
T000162,0,none,
T000163,0,none,
T000164,0,none,
T000165,0,none,
T000166,0,none,
T000167,0,none,
T000168,0,none,
T000169,0,none,
T000170,0,none,
T000171,0,none,
T000172,0,none,
T000173,0,none,
T000174,0,none,
T000175,0,none,
T000176,0,none,
T000177,0,none,
T000178,0,none,
T000179,1,price_outlier_high,Price per kg unrealistically high for LCD/display
T000180,0,none,
T000181,0,none,
T000182,0,none,
T000183,0,none,
T000184,0,none,
T000185,1,price_outlier_high,Price per kg unrealistically high for Mixed plastics
T000186,0,none,
T000187,0,none,
T000188,0,none,
T000189,0,none,
T000190,0,none,
T000191,0,none,
T000192,0,none,
T000193,0,none,
T000194,0,none,
T000195,0,none,
T000196,0,none,
T000197,1,weight_outlier_low,Weight implausibly small (0.047 kg) for Motor item (was 1.17 kg)
T000198,0,none,
T000199,0,none,
T000200,0,none,
T000201,0,none,
T000202,0,none,
T000203,0,none,
T000204,0,none,
T000205,0,none,
T000206,0,none,
T000207,0,none,
T000208,0,none,
T000209,1,suspicious_combination,Unusually high price for Motor despite Poor/Damaged condition
T000210,0,none,
T000211,0,none,
T000212,0,none,
T000213,0,none,
T000214,0,none,
T000215,1,price_outlier_low,Price per kg far below normal synthetic distribution for Motor
T000216,0,none,
T000217,0,none,
T000218,0,none,
T000219,1,weight_outlier_low,Weight implausibly small (0.009 kg) for Cable item (was 40.73 kg)
T000220,0,none,
T000221,0,none,
T000222,0,none,
T000223,0,none,
T000224,0,none,
T000225,0,none,
T000226,0,none,
T000227,0,none,
T000228,0,none,
T000229,0,none,
T000230,0,none,
T000231,0,none,
T000232,0,none,
T000233,0,none,
T000234,0,none,
T000235,0,none,
T000236,0,none,
T000237,0,none,
T000238,0,none,
T000239,0,none,
T000240,1,geo_mismatch,"Coordinates correspond to Ahmedabad but recorded city/state is Bengaluru, unusually far for a Collector Drop-off transaction"
T000241,0,none,
T000242,0,none,
T000243,0,none,
T000244,1,geo_mismatch,"Coordinates correspond to Jaipur but recorded city/state is Meerut, unusually far for a Collector Drop-off transaction"
T000245,0,none,
T000246,0,none,
T000247,0,none,
T000248,1,weight_outlier_high,Weight implausibly large (591.63 kg) for Mixed plastics item (was 98.43 kg)
T000249,0,none,
T000250,0,none,
T000251,0,none,
T000252,0,none,
T000253,0,none,
T000254,0,none,
T000255,0,none,
T000256,0,none,
T000257,1,value_mismatch,final_sale_value (48.75) inconsistent with weight_kg x final_price_per_kg (expected ~558.73)
T000258,0,none,
T000259,0,none,
T000260,0,none,
T000261,0,none,
T000262,0,none,
T000263,0,none,
T000264,1,price_outlier_high,Price per kg unrealistically high for Battery
T000265,0,none,
T000266,0,none,
T000267,0,none,
T000268,0,none,
T000269,0,none,
T000270,0,none,
T000271,0,none,
T000272,0,none,
T000273,0,none,
T000274,0,none,
T000275,0,none,
T000276,0,none,
T000277,0,none,
T000278,0,none,
T000279,0,none,
T000280,0,none,
T000281,1,value_mismatch,final_sale_value (622.86) inconsistent with weight_kg x final_price_per_kg (expected ~4153.16)
T000282,0,none,
T000283,0,none,
T000284,0,none,
T000285,0,none,
T000286,0,none,
T000287,0,none,
T000288,0,none,
T000289,0,none,
T000290,0,none,
T000291,0,none,
T000292,0,none,
T000293,0,none,
T000294,1,value_mismatch,final_sale_value (7229.5) inconsistent with weight_kg x final_price_per_kg (expected ~966.99)
T000295,0,none,
T000296,0,none,
T000297,0,none,
T000298,1,price_outlier_low,Price per kg far below normal synthetic distribution for Magnet-bearing assembly
T000299,0,none,
T000300,0,none,
T000301,0,none,
T000302,0,none,
T000303,0,none,
T000304,0,none,
T000305,0,none,
T000306,0,none,
T000307,0,none,
T000308,0,none,
T000309,1,value_mismatch,final_sale_value (20206.54) inconsistent with weight_kg x final_price_per_kg (expected ~1887.65)
T000310,0,none,
T000311,0,none,
T000312,0,none,
T000313,0,none,
T000314,0,none,
T000315,0,none,
T000316,1,geo_mismatch,"Coordinates correspond to Ghaziabad but recorded city/state is Noida, unusually far for a Recycler Pickup transaction"
T000317,1,suspicious_combination,Very large weight (208.59 kg) combined with unusually low total value for Battery
T000318,0,none,
T000319,0,none,
T000320,0,none,
T000321,0,none,
T000322,0,none,
T000323,0,none,
T000324,0,none,
T000325,0,none,
T000326,0,none,
T000327,0,none,
T000328,0,none,
T000329,0,none,
T000330,0,none,
T000331,0,none,
T000332,0,none,
T000333,0,none,
T000334,0,none,
T000335,0,none,
T000336,0,none,
T000337,0,none,
T000338,1,weight_outlier_low,Weight implausibly small (0.007 kg) for Motor item (was 7.99 kg)
T000339,0,none,
T000340,0,none,
T000341,0,none,
T000342,0,none,
T000343,0,none,
T000344,0,none,
T000345,0,none,
T000346,1,geo_mismatch,"Coordinates correspond to Ghaziabad but recorded city/state is Jaipur, unusually far for a Collector Drop-off transaction"
T000347,0,none,
T000348,0,none,
T000349,0,none,
T000350,0,none,
T000351,0,none,
T000352,0,none,
T000353,0,none,
T000354,0,none,
T000355,0,none,
T000356,0,none,
T000357,0,none,
T000358,0,none,
T000359,0,none,
T000360,0,none,
T000361,0,none,
T000362,0,none,
T000363,1,price_outlier_high,Price per kg unrealistically high for Mixed plastics
T000364,0,none,
T000365,0,none,
T000366,0,none,
T000367,0,none,
T000368,0,none,
T000369,0,none,
T000370,0,none,
T000371,0,none,
T000372,0,none,
T000373,0,none,
T000374,0,none,
T000375,0,none,
T000376,0,none,
T000377,0,none,
T000378,1,value_mismatch,final_sale_value (2411.67) inconsistent with weight_kg x final_price_per_kg (expected ~212.75)
T000379,0,none,
T000380,0,none,
T000381,0,none,
T000382,1,price_outlier_high,Price per kg unrealistically high for CRT
T000383,0,none,
T000384,0,none,
T000385,0,none,
T000386,0,none,
T000387,0,none,
T000388,0,none,
T000389,0,none,
T000390,0,none,
T000391,0,none,
T000392,0,none,
T000393,0,none,
T000394,0,none,
T000395,0,none,
T000396,0,none,
T000397,0,none,
T000398,0,none,
T000399,0,none,
T000400,0,none,
T000401,0,none,
T000402,0,none,
T000403,0,none,
T000404,0,none,
T000405,0,none,
T000406,0,none,
T000407,0,none,
T000408,0,none,
T000409,0,none,
T000410,0,none,
T000411,0,none,
T000412,0,none,
T000413,0,none,
T000414,0,none,
T000415,0,none,
T000416,1,weight_outlier_low,Weight implausibly small (0.022 kg) for LCD/display item (was 1.09 kg)
T000417,1,value_mismatch,final_sale_value (67.07) inconsistent with weight_kg x final_price_per_kg (expected ~470.0)
T000418,0,none,
T000419,0,none,
T000420,0,none,
T000421,0,none,
T000422,0,none,
T000423,0,none,
T000424,0,none,
T000425,1,suspicious_combination,Very large weight (274.41 kg) combined with unusually low total value for Mixed plastics
T000426,0,none,
T000427,0,none,
T000428,0,none,
T000429,0,none,
T000430,0,none,
T000431,0,none,
T000432,0,none,
T000433,0,none,
T000434,0,none,
T000435,0,none,
T000436,0,none,
T000437,0,none,
T000438,1,price_outlier_high,Price per kg unrealistically high for Other
T000439,0,none,
T000440,0,none,
T000441,0,none,
T000442,0,none,
T000443,0,none,
T000444,0,none,
T000445,0,none,
T000446,0,none,
T000447,0,none,
T000448,0,none,
T000449,0,none,
T000450,0,none,
T000451,0,none,
T000452,1,price_outlier_low,Price per kg far below normal synthetic distribution for Magnet-bearing assembly
T000453,0,none,
T000454,0,none,
T000455,1,suspicious_combination,Very large weight (186.71 kg) combined with unusually low total value for Battery
T000456,1,weight_outlier_low,Weight implausibly small (0.04 kg) for Magnet-bearing assembly item (was 9.55 kg)
T000457,1,value_mismatch,final_sale_value (18730.53) inconsistent with weight_kg x final_price_per_kg (expected ~1865.28)
T000458,0,none,
T000459,1,value_mismatch,final_sale_value (62.18) inconsistent with weight_kg x final_price_per_kg (expected ~522.16)
T000460,0,none,
T000461,0,none,
T000462,1,price_outlier_low,Price per kg far below normal synthetic distribution for Motor
T000463,0,none,
T000464,0,none,
T000465,0,none,
T000466,0,none,
T000467,0,none,
T000468,0,none,
T000469,0,none,
T000470,0,none,
T000471,0,none,
T000472,1,geo_mismatch,"Coordinates correspond to Meerut but recorded city/state is Mumbai, unusually far for a Collector Drop-off transaction"
T000473,0,none,
T000474,0,none,
T000475,0,none,
T000476,0,none,
T000477,0,none,
T000478,1,weight_outlier_high,Weight implausibly large (834.29 kg) for Cable item (was 11.96 kg)
T000479,0,none,
T000480,0,none,
T000481,0,none,
T000482,1,suspicious_combination,Unusually high price for Magnet-bearing assembly despite Poor/Damaged condition
T000483,1,weight_outlier_high,Weight implausibly large (648.84 kg) for Cable item (was 14.42 kg)
T000484,1,geo_mismatch,"Coordinates correspond to Chandigarh but recorded city/state is Noida, unusually far for a Collector Drop-off transaction"
T000485,0,none,
T000486,0,none,
T000487,0,none,
T000488,0,none,
T000489,0,none,
T000490,0,none,
T000491,0,none,
T000492,1,geo_mismatch,"Coordinates correspond to Meerut but recorded city/state is Chandigarh, unusually far for a Recycler Pickup transaction"
T000493,0,none,
T000494,0,none,
T000495,1,suspicious_combination,Unusually high price for Motor despite Poor/Damaged condition
T000496,1,price_outlier_high,Price per kg unrealistically high for Cable
T000497,0,none,
T000498,0,none,
T000499,0,none,
T000500,0,none,
T000501,0,none,
T000502,0,none,
T000503,0,none,
T000504,0,none,
T000505,0,none,
T000506,0,none,
T000507,0,none,
T000508,0,none,
T000509,0,none,
T000510,0,none,
T000511,0,none,
T000512,0,none,
T000513,0,none,
T000514,0,none,
T000515,0,none,
T000516,0,none,
T000517,0,none,
T000518,0,none,
T000519,0,none,
T000520,0,none,
T000521,0,none,
T000522,0,none,
T000523,0,none,
T000524,1,value_mismatch,final_sale_value (17428.17) inconsistent with weight_kg x final_price_per_kg (expected ~1668.85)
T000525,0,none,
T000526,0,none,
T000527,0,none,
T000528,0,none,
T000529,0,none,
T000530,1,weight_outlier_low,Weight implausibly small (0.007 kg) for Cable item (was 15.28 kg)
T000531,0,none,
T000532,0,none,
T000533,0,none,
T000534,1,suspicious_combination,Very large weight (171.96 kg) combined with unusually low total value for Mixed plastics
T000535,0,none,
T000536,0,none,
T000537,0,none,
T000538,0,none,
T000539,1,price_outlier_low,Price per kg far below normal synthetic distribution for Other
T000540,0,none,
T000541,0,none,
T000542,0,none,
T000543,0,none,
T000544,0,none,
T000545,0,none,
T000546,0,none,
T000547,0,none,
T000548,0,none,
T000549,0,none,
T000550,0,none,
T000551,0,none,
T000552,0,none,
T000553,0,none,
T000554,0,none,
T000555,0,none,
T000556,0,none,
T000557,0,none,
T000558,0,none,
T000559,0,none,
T000560,0,none,
T000561,0,none,
T000562,0,none,
T000563,0,none,
T000564,0,none,
T000565,0,none,
T000566,0,none,
T000567,0,none,
T000568,0,none,
T000569,0,none,
T000570,0,none,
T000571,0,none,
T000572,0,none,
T000573,0,none,
T000574,0,none,
T000575,0,none,
T000576,0,none,
T000577,0,none,
T000578,0,none,
T000579,0,none,
T000580,0,none,
T000581,0,none,
T000582,0,none,
T000583,0,none,
T000584,0,none,
T000585,0,none,
T000586,0,none,
T000587,0,none,
T000588,1,suspicious_combination,Unusually high price for CRT despite Poor/Damaged condition
T000589,0,none,
T000590,0,none,
T000591,0,none,
T000592,0,none,
T000593,0,none,
T000594,0,none,
T000595,0,none,
T000596,0,none,
T000597,0,none,
T000598,0,none,
T000599,1,suspicious_combination,Very large weight (211.97 kg) combined with unusually low total value for PCB
T000600,0,none,
T000601,0,none,
T000602,0,none,
T000603,0,none,
T000604,0,none,
T000605,0,none,
T000606,0,none,
T000607,0,none,
T000608,0,none,
T000609,0,none,
T000610,0,none,
T000611,0,none,
T000612,0,none,
T000613,0,none,
T000614,0,none,
T000615,0,none,
T000616,0,none,
T000617,0,none,
T000618,0,none,
T000619,0,none,
T000620,0,none,
T000621,0,none,
T000622,0,none,
T000623,0,none,
T000624,0,none,
T000625,0,none,
T000626,0,none,
T000627,0,none,
T000628,0,none,
T000629,0,none,
T000630,0,none,
T000631,0,none,
T000632,1,weight_outlier_low,Weight implausibly small (0.018 kg) for LCD/display item (was 0.95 kg)
T000633,0,none,
T000634,0,none,
T000635,0,none,
T000636,0,none,
T000637,0,none,
T000638,1,suspicious_combination,Very large weight (272.63 kg) combined with unusually low total value for Other
T000639,1,weight_outlier_low,Weight implausibly small (0.029 kg) for PCB item (was 4.76 kg)
T000640,0,none,
T000641,0,none,
T000642,0,none,
T000643,0,none,
T000644,0,none,
T000645,0,none,
T000646,0,none,
T000647,0,none,
T000648,0,none,
T000649,0,none,
T000650,0,none,
T000651,0,none,
T000652,0,none,
T000653,0,none,
T000654,0,none,
T000655,0,none,
T000656,0,none,
T000657,0,none,
T000658,0,none,
T000659,0,none,
T000660,0,none,
T000661,0,none,
T000662,0,none,
T000663,0,none,
T000664,1,value_mismatch,final_sale_value (658.17) inconsistent with weight_kg x final_price_per_kg (expected ~4677.15)
T000665,0,none,
T000666,0,none,
T000667,0,none,
T000668,0,none,
T000669,0,none,
T000670,0,none,
T000671,0,none,
T000672,0,none,
T000673,0,none,
T000674,0,none,
T000675,0,none,
T000676,0,none,
T000677,0,none,
T000678,1,value_mismatch,final_sale_value (20.36) inconsistent with weight_kg x final_price_per_kg (expected ~111.31)
T000679,0,none,
T000680,0,none,
T000681,0,none,
T000682,0,none,
T000683,0,none,
T000684,0,none,
T000685,0,none,
T000686,0,none,
T000687,0,none,
T000688,0,none,
T000689,0,none,
T000690,0,none,
T000691,0,none,
T000692,0,none,
T000693,0,none,
T000694,0,none,
T000695,0,none,
T000696,0,none,
T000697,1,geo_mismatch,"Coordinates correspond to Ghaziabad but recorded city/state is Bareilly, unusually far for a Collector Drop-off transaction"
T000698,0,none,
T000699,0,none,
T000700,0,none,
T000701,0,none,
T000702,0,none,
T000703,0,none,
T000704,0,none,
T000705,1,price_outlier_low,Price per kg far below normal synthetic distribution for Motor
T000706,0,none,
T000707,0,none,
T000708,0,none,
T000709,0,none,
T000710,0,none,
T000711,0,none,
T000712,0,none,
T000713,0,none,
T000714,0,none,
T000715,0,none,
T000716,0,none,
T000717,0,none,
T000718,0,none,
T000719,0,none,
T000720,0,none,
T000721,0,none,
T000722,0,none,
T000723,0,none,
T000724,0,none,
T000725,0,none,
T000726,0,none,
T000727,0,none,
T000728,0,none,
T000729,0,none,
T000730,0,none,
T000731,0,none,
T000732,0,none,
T000733,0,none,
T000734,0,none,
T000735,0,none,
T000736,0,none,
T000737,0,none,
T000738,1,value_mismatch,final_sale_value (9488.15) inconsistent with weight_kg x final_price_per_kg (expected ~1222.21)
T000739,0,none,
T000740,0,none,
T000741,0,none,
T000742,0,none,
T000743,0,none,
T000744,0,none,
T000745,0,none,
T000746,1,suspicious_combination,Unusually high price for CRT despite Poor/Damaged condition
T000747,0,none,
T000748,0,none,
T000749,0,none,
T000750,0,none,
T000751,0,none,
T000752,0,none,
T000753,0,none,
T000754,0,none,
T000755,0,none,
T000756,0,none,
T000757,0,none,
T000758,0,none,
T000759,0,none,
T000760,0,none,
T000761,0,none,
T000762,0,none,
T000763,0,none,
T000764,0,none,
T000765,0,none,
T000766,0,none,
T000767,0,none,
T000768,0,none,
T000769,0,none,
T000770,0,none,
T000771,0,none,
T000772,0,none,
T000773,0,none,
T000774,0,none,
T000775,0,none,
T000776,0,none,
T000777,0,none,
T000778,0,none,
T000779,0,none,
T000780,0,none,
T000781,0,none,
T000782,0,none,
T000783,1,price_outlier_low,Price per kg far below normal synthetic distribution for LCD/display
T000784,0,none,
T000785,0,none,
T000786,0,none,
T000787,0,none,
T000788,0,none,
T000789,0,none,
T000790,0,none,
T000791,0,none,
T000792,0,none,
T000793,0,none,
T000794,1,weight_outlier_high,Weight implausibly large (407.74 kg) for Other item (was 17.01 kg)
T000795,0,none,
T000796,0,none,
T000797,0,none,
T000798,0,none,
T000799,0,none,
T000800,0,none,
T000801,0,none,
T000802,1,value_mismatch,final_sale_value (400.54) inconsistent with weight_kg x final_price_per_kg (expected ~2383.23)
T000803,0,none,
T000804,0,none,
T000805,0,none,
T000806,0,none,
T000807,0,none,
T000808,0,none,
T000809,0,none,
T000810,0,none,
T000811,0,none,
T000812,0,none,
T000813,0,none,
T000814,0,none,
T000815,0,none,
T000816,0,none,
T000817,1,weight_outlier_low,Weight implausibly small (0.032 kg) for Mixed plastics item (was 20.59 kg)
T000818,0,none,
T000819,1,suspicious_combination,Very large weight (231.06 kg) combined with unusually low total value for Cable
T000820,0,none,
T000821,0,none,
T000822,0,none,
T000823,0,none,
T000824,0,none,
T000825,0,none,
T000826,0,none,
T000827,0,none,
T000828,0,none,
T000829,0,none,
T000830,0,none,
T000831,0,none,
T000832,0,none,
T000833,0,none,
T000834,0,none,
T000835,0,none,
T000836,0,none,
T000837,0,none,
T000838,0,none,
T000839,0,none,
T000840,0,none,
T000841,0,none,
T000842,0,none,
T000843,0,none,
T000844,0,none,
T000845,0,none,
T000846,0,none,
T000847,0,none,
T000848,0,none,
T000849,0,none,
T000850,0,none,
T000851,0,none,
T000852,0,none,
T000853,1,price_outlier_high,Price per kg unrealistically high for PCB
T000854,0,none,
T000855,0,none,
T000856,0,none,
T000857,0,none,
T000858,0,none,
T000859,0,none,
T000860,0,none,
T000861,0,none,
T000862,0,none,
T000863,0,none,
T000864,0,none,
T000865,0,none,
T000866,0,none,
T000867,0,none,
T000868,0,none,
T000869,1,price_outlier_low,Price per kg far below normal synthetic distribution for Motor
T000870,0,none,
T000871,0,none,
T000872,0,none,
T000873,0,none,
T000874,0,none,
T000875,0,none,
T000876,0,none,
T000877,0,none,
T000878,0,none,
T000879,0,none,
T000880,0,none,
T000881,0,none,
T000882,0,none,
T000883,0,none,
T000884,0,none,
T000885,1,value_mismatch,final_sale_value (3470.32) inconsistent with weight_kg x final_price_per_kg (expected ~355.59)
T000886,0,none,
T000887,0,none,
T000888,0,none,
T000889,1,weight_outlier_low,Weight implausibly small (0.027 kg) for Magnet-bearing assembly item (was 8.47 kg)
T000890,0,none,
T000891,0,none,
T000892,0,none,
T000893,0,none,
T000894,0,none,
T000895,0,none,
T000896,0,none,
T000897,0,none,
T000898,0,none,
T000899,0,none,
T000900,0,none,
T000901,0,none,
T000902,0,none,
T000903,0,none,
T000904,0,none,
T000905,0,none,
T000906,0,none,
T000907,0,none,
T000908,0,none,
T000909,0,none,
T000910,0,none,
T000911,0,none,
T000912,0,none,
T000913,0,none,
T000914,0,none,
T000915,0,none,
T000916,0,none,
T000917,0,none,
T000918,0,none,
T000919,0,none,
T000920,0,none,
T000921,0,none,
T000922,0,none,
T000923,0,none,
T000924,0,none,
T000925,0,none,
T000926,0,none,
T000927,0,none,
T000928,0,none,
T000929,0,none,
T000930,0,none,
T000931,0,none,
T000932,0,none,
T000933,0,none,
T000934,0,none,
T000935,0,none,
T000936,0,none,
T000937,0,none,
T000938,0,none,
T000939,0,none,
T000940,0,none,
T000941,1,price_outlier_high,Price per kg unrealistically high for LCD/display
T000942,0,none,
T000943,0,none,
T000944,0,none,
T000945,0,none,
T000946,0,none,
T000947,0,none,
T000948,0,none,
T000949,1,price_outlier_high,Price per kg unrealistically high for Mixed plastics
T000950,1,value_mismatch,final_sale_value (122.93) inconsistent with weight_kg x final_price_per_kg (expected ~1433.82)
T000951,0,none,
T000952,0,none,
T000953,0,none,
T000954,0,none,
T000955,0,none,
T000956,0,none,
T000957,0,none,
T000958,0,none,
T000959,0,none,
T000960,0,none,
T000961,0,none,
T000962,0,none,
T000963,0,none,
T000964,0,none,
T000965,0,none,
T000966,0,none,
T000967,0,none,
T000968,0,none,
T000969,0,none,
T000970,1,weight_outlier_high,Weight implausibly large (585.78 kg) for PCB item (was 14.71 kg)
T000971,0,none,
T000972,0,none,
T000973,0,none,
T000974,0,none,
T000975,0,none,
T000976,0,none,
T000977,0,none,
T000978,0,none,
T000979,0,none,
T000980,0,none,
T000981,0,none,
T000982,0,none,
T000983,0,none,
T000984,0,none,
T000985,0,none,
T000986,0,none,
T000987,0,none,
T000988,0,none,
T000989,0,none,
T000990,0,none,
T000991,0,none,
T000992,0,none,
T000993,0,none,
T000994,0,none,
T000995,0,none,
T000996,0,none,
T000997,0,none,
T000998,0,none,
T000999,0,none,
T001000,0,none,
T001001,0,none,
T001002,0,none,
T001003,0,none,
T001004,0,none,
T001005,1,geo_mismatch,"Coordinates correspond to Noida but recorded city/state is Bareilly, unusually far for a Collector Drop-off transaction"
T001006,0,none,
T001007,0,none,
T001008,0,none,
T001009,0,none,
T001010,0,none,
T001011,0,none,
T001012,0,none,
T001013,0,none,
T001014,0,none,
T001015,0,none,
T001016,0,none,
T001017,0,none,
T001018,0,none,
T001019,0,none,
T001020,0,none,
T001021,0,none,
T001022,0,none,
T001023,0,none,
T001024,0,none,
T001025,0,none,
T001026,1,price_outlier_low,Price per kg far below normal synthetic distribution for Motor
T001027,0,none,
T001028,0,none,
T001029,0,none,
T001030,0,none,
T001031,1,price_outlier_high,Price per kg unrealistically high for PCB
T001032,0,none,
T001033,0,none,
T001034,0,none,
T001035,0,none,
T001036,0,none,
T001037,0,none,
T001038,0,none,
T001039,0,none,
T001040,0,none,
T001041,0,none,
T001042,0,none,
T001043,0,none,
T001044,0,none,
T001045,0,none,
T001046,0,none,
T001047,0,none,
T001048,0,none,
T001049,0,none,
T001050,0,none,
T001051,0,none,
T001052,0,none,
T001053,0,none,
T001054,0,none,
T001055,1,price_outlier_high,Price per kg unrealistically high for CRT
T001056,0,none,
T001057,0,none,
T001058,0,none,
T001059,1,price_outlier_high,Price per kg unrealistically high for Mixed plastics
T001060,0,none,
T001061,0,none,
T001062,0,none,
T001063,0,none,
T001064,0,none,
T001065,1,weight_outlier_low,Weight implausibly small (0.04 kg) for Cable item (was 34.47 kg)
T001066,1,price_outlier_low,Price per kg far below normal synthetic distribution for CRT
T001067,0,none,
T001068,0,none,
T001069,0,none,
T001070,0,none,
T001071,0,none,
T001072,0,none,
T001073,0,none,
T001074,0,none,
T001075,0,none,
T001076,0,none,
T001077,0,none,
T001078,0,none,
T001079,0,none,
T001080,0,none,
T001081,0,none,
T001082,0,none,
T001083,0,none,
T001084,0,none,
T001085,0,none,
T001086,0,none,
T001087,0,none,
T001088,0,none,
T001089,0,none,
T001090,0,none,
T001091,0,none,
T001092,0,none,
T001093,0,none,
T001094,0,none,
T001095,0,none,
T001096,0,none,
T001097,0,none,
T001098,0,none,
T001099,0,none,
T001100,0,none,
T001101,0,none,
T001102,0,none,
T001103,0,none,
T001104,0,none,
T001105,0,none,
T001106,0,none,
T001107,0,none,
T001108,0,none,
T001109,0,none,
T001110,0,none,
T001111,0,none,
T001112,1,geo_mismatch,"Coordinates correspond to Noida but recorded city/state is Lucknow, unusually far for a Collector Drop-off transaction"
T001113,0,none,
T001114,0,none,
T001115,0,none,
T001116,0,none,
T001117,0,none,
T001118,0,none,
T001119,0,none,
T001120,0,none,
T001121,0,none,
T001122,0,none,
T001123,0,none,
T001124,0,none,
T001125,0,none,
T001126,0,none,
T001127,0,none,
T001128,0,none,
T001129,0,none,
T001130,0,none,
T001131,0,none,
T001132,0,none,
T001133,0,none,
T001134,0,none,
T001135,0,none,
T001136,0,none,
T001137,0,none,
T001138,0,none,
T001139,0,none,
T001140,0,none,
T001141,0,none,
T001142,0,none,
T001143,0,none,
T001144,0,none,
T001145,0,none,
T001146,0,none,
T001147,0,none,
T001148,0,none,
T001149,0,none,
T001150,0,none,
T001151,0,none,
T001152,0,none,
T001153,0,none,
T001154,1,suspicious_combination,Unusually high price for PCB despite Poor/Damaged condition
T001155,0,none,
T001156,0,none,
T001157,0,none,
T001158,0,none,
T001159,0,none,
T001160,0,none,
T001161,0,none,
T001162,0,none,
T001163,0,none,
T001164,0,none,
T001165,0,none,
T001166,0,none,
T001167,0,none,
T001168,0,none,
T001169,0,none,
T001170,0,none,
T001171,0,none,
T001172,0,none,
T001173,0,none,
T001174,0,none,
T001175,0,none,
T001176,0,none,
T001177,0,none,
T001178,0,none,
T001179,0,none,
T001180,0,none,
T001181,0,none,
T001182,0,none,
T001183,1,price_outlier_low,Price per kg far below normal synthetic distribution for PCB
T001184,0,none,
T001185,0,none,
T001186,0,none,
T001187,0,none,
T001188,0,none,
T001189,0,none,
T001190,0,none,
T001191,0,none,
T001192,0,none,
T001193,0,none,
T001194,0,none,
T001195,1,geo_mismatch,"Coordinates correspond to Meerut but recorded city/state is Pune, unusually far for a Recycler Pickup transaction"
T001196,0,none,
T001197,0,none,
T001198,0,none,
T001199,0,none,
T001200,0,none,
T001201,0,none,
T001202,1,weight_outlier_high,Weight implausibly large (581.5 kg) for Cable item (was 18.1 kg)
T001203,0,none,
T001204,0,none,
T001205,0,none,
T001206,1,value_mismatch,final_sale_value (107.11) inconsistent with weight_kg x final_price_per_kg (expected ~1053.46)
T001207,0,none,
T001208,0,none,
T001209,0,none,
T001210,0,none,
T001211,0,none,
T001212,0,none,
T001213,0,none,
T001214,0,none,
T001215,0,none,
T001216,0,none,
T001217,0,none,
T001218,0,none,
T001219,0,none,
T001220,0,none,
T001221,0,none,
T001222,0,none,
T001223,0,none,
T001224,0,none,
T001225,0,none,
T001226,0,none,
T001227,0,none,
T001228,0,none,
T001229,0,none,
T001230,0,none,
T001231,0,none,
T001232,0,none,
T001233,0,none,
T001234,0,none,
T001235,0,none,
T001236,0,none,
T001237,0,none,
T001238,0,none,
T001239,0,none,
T001240,0,none,
T001241,0,none,
T001242,0,none,
T001243,0,none,
T001244,0,none,
T001245,0,none,
T001246,0,none,
T001247,0,none,
T001248,0,none,
T001249,0,none,
T001250,0,none,
T001251,0,none,
T001252,0,none,
T001253,0,none,
T001254,0,none,
T001255,0,none,
T001256,0,none,
T001257,0,none,
T001258,0,none,
T001259,0,none,
T001260,1,price_outlier_high,Price per kg unrealistically high for Mixed plastics
T001261,0,none,
T001262,0,none,
T001263,0,none,
T001264,0,none,
T001265,0,none,
T001266,0,none,
T001267,0,none,
T001268,0,none,
T001269,0,none,
T001270,0,none,
T001271,1,suspicious_combination,Very large weight (200.63 kg) combined with unusually low total value for Other
T001272,1,suspicious_combination,Unusually high price for PCB despite Poor/Damaged condition
T001273,0,none,
T001274,0,none,
T001275,0,none,
T001276,0,none,
T001277,0,none,
T001278,1,geo_mismatch,"Coordinates correspond to Kanpur but recorded city/state is Delhi, unusually far for a Collector Drop-off transaction"
T001279,0,none,
T001280,0,none,
T001281,0,none,
T001282,0,none,
T001283,0,none,
T001284,0,none,
T001285,0,none,
T001286,0,none,
T001287,0,none,
T001288,0,none,
T001289,0,none,
T001290,0,none,
T001291,0,none,
T001292,0,none,
T001293,0,none,
T001294,0,none,
T001295,0,none,
T001296,0,none,
T001297,0,none,
T001298,0,none,
T001299,0,none,
T001300,0,none,
T001301,0,none,
T001302,0,none,
T001303,0,none,
T001304,0,none,
T001305,0,none,
T001306,0,none,
T001307,0,none,
T001308,0,none,
T001309,0,none,
T001310,0,none,
T001311,0,none,
T001312,0,none,
T001313,0,none,
T001314,0,none,
T001315,1,suspicious_combination,Very large weight (281.6 kg) combined with unusually low total value for Other
T001316,0,none,
T001317,0,none,
T001318,0,none,
T001319,1,suspicious_combination,Unusually high price for Motor despite Poor/Damaged condition
T001320,0,none,
T001321,0,none,
T001322,0,none,
T001323,0,none,
T001324,0,none,
T001325,0,none,
T001326,1,price_outlier_high,Price per kg unrealistically high for LCD/display
T001327,0,none,
T001328,0,none,
T001329,0,none,
T001330,0,none,
T001331,0,none,
T001332,0,none,
T001333,0,none,
T001334,0,none,
T001335,0,none,
T001336,0,none,
T001337,0,none,
T001338,0,none,
T001339,0,none,
T001340,0,none,
T001341,0,none,
T001342,0,none,
T001343,0,none,
T001344,0,none,
T001345,0,none,
T001346,1,weight_outlier_low,Weight implausibly small (0.015 kg) for Other item (was 26.97 kg)
T001347,0,none,
T001348,0,none,
T001349,0,none,
T001350,0,none,
T001351,0,none,
T001352,0,none,
T001353,0,none,
T001354,0,none,
T001355,1,price_outlier_low,Price per kg far below normal synthetic distribution for Magnet-bearing assembly
T001356,0,none,
T001357,0,none,
T001358,0,none,
T001359,0,none,
T001360,0,none,
T001361,0,none,
T001362,0,none,
T001363,0,none,
T001364,0,none,
T001365,0,none,
T001366,0,none,
T001367,0,none,
T001368,0,none,
T001369,0,none,
T001370,0,none,
T001371,0,none,
T001372,0,none,
T001373,0,none,
T001374,0,none,
T001375,0,none,
T001376,0,none,
T001377,0,none,
T001378,0,none,
T001379,0,none,
T001380,0,none,
T001381,0,none,
T001382,0,none,
T001383,0,none,
T001384,0,none,
T001385,0,none,
T001386,0,none,
T001387,0,none,
T001388,0,none,
T001389,0,none,
T001390,0,none,
T001391,0,none,
T001392,0,none,
T001393,0,none,
T001394,0,none,
T001395,0,none,
T001396,0,none,
T001397,0,none,
T001398,0,none,
T001399,0,none,
T001400,0,none,
T001401,0,none,
T001402,1,weight_outlier_high,Weight implausibly large (755.57 kg) for LCD/display item (was 2.09 kg)
T001403,0,none,
T001404,0,none,
T001405,0,none,
T001406,0,none,
T001407,0,none,
T001408,0,none,
T001409,0,none,
T001410,0,none,
T001411,0,none,
T001412,0,none,
T001413,0,none,
T001414,0,none,
T001415,0,none,
T001416,1,price_outlier_low,Price per kg far below normal synthetic distribution for Magnet-bearing assembly
T001417,0,none,
T001418,1,weight_outlier_high,Weight implausibly large (379.3 kg) for Mixed plastics item (was 68.51 kg)
T001419,0,none,
T001420,0,none,
T001421,0,none,
T001422,0,none,
T001423,0,none,
T001424,0,none,
T001425,0,none,
T001426,0,none,
T001427,0,none,
T001428,0,none,
T001429,0,none,
T001430,0,none,
T001431,0,none,
T001432,0,none,
T001433,1,weight_outlier_high,Weight implausibly large (589.1 kg) for Magnet-bearing assembly item (was 8.69 kg)
T001434,0,none,
T001435,0,none,
T001436,0,none,
T001437,1,price_outlier_low,Price per kg far below normal synthetic distribution for PCB
T001438,0,none,
T001439,0,none,
T001440,0,none,
T001441,1,value_mismatch,final_sale_value (1865.19) inconsistent with weight_kg x final_price_per_kg (expected ~237.83)
T001442,0,none,
T001443,1,weight_outlier_low,Weight implausibly small (0.023 kg) for Magnet-bearing assembly item (was 3.88 kg)
T001444,0,none,
T001445,0,none,
T001446,0,none,
T001447,0,none,
T001448,0,none,
T001449,0,none,
T001450,0,none,
T001451,0,none,
T001452,0,none,
T001453,0,none,
T001454,0,none,
T001455,0,none,
T001456,0,none,
T001457,0,none,
T001458,0,none,
T001459,0,none,
T001460,0,none,
T001461,0,none,
T001462,0,none,
T001463,0,none,
T001464,0,none,
T001465,0,none,
T001466,0,none,
T001467,0,none,
T001468,0,none,
T001469,0,none,
T001470,0,none,
T001471,0,none,
T001472,0,none,
T001473,0,none,
T001474,0,none,
T001475,0,none,
T001476,0,none,
T001477,0,none,
T001478,0,none,
T001479,0,none,
T001480,0,none,
T001481,0,none,
T001482,0,none,
T001483,0,none,
T001484,0,none,
T001485,0,none,
T001486,0,none,
T001487,1,price_outlier_low,Price per kg far below normal synthetic distribution for CRT
T001488,0,none,
T001489,0,none,
T001490,0,none,
T001491,0,none,
T001492,0,none,
T001493,0,none,
T001494,1,price_outlier_high,Price per kg unrealistically high for Magnet-bearing assembly
T001495,0,none,
T001496,0,none,
T001497,0,none,
T001498,1,geo_mismatch,"Coordinates correspond to Ahmedabad but recorded city/state is Noida, unusually far for a Collector Drop-off transaction"
T001499,1,geo_mismatch,"Coordinates correspond to Meerut but recorded city/state is Ahmedabad, unusually far for a Collector Drop-off transaction"
T001500,0,none,
T001501,0,none,
T001502,0,none,
T001503,0,none,
T001504,0,none,
T001505,0,none,
T001506,0,none,
T001507,0,none,
T001508,0,none,
T001509,0,none,
T001510,0,none,
T001511,0,none,
T001512,0,none,
T001513,0,none,
T001514,0,none,
T001515,0,none,
T001516,0,none,
T001517,0,none,
T001518,0,none,
T001519,0,none,
T001520,0,none,
T001521,0,none,
T001522,0,none,
T001523,0,none,
T001524,0,none,
T001525,0,none,
T001526,0,none,
T001527,0,none,
T001528,0,none,
T001529,0,none,
T001530,0,none,
T001531,0,none,
T001532,1,price_outlier_low,Price per kg far below normal synthetic distribution for LCD/display
T001533,0,none,
T001534,0,none,
T001535,0,none,
T001536,0,none,
T001537,0,none,
T001538,1,value_mismatch,final_sale_value (128.88) inconsistent with weight_kg x final_price_per_kg (expected ~1222.56)
T001539,0,none,
T001540,0,none,
T001541,0,none,
T001542,0,none,
T001543,0,none,
T001544,0,none,
T001545,0,none,
T001546,0,none,
T001547,0,none,
T001548,1,weight_outlier_high,Weight implausibly large (374.64 kg) for Battery item (was 20.56 kg)
T001549,0,none,
T001550,0,none,
T001551,0,none,
T001552,0,none,
T001553,0,none,
T001554,0,none,
T001555,0,none,
T001556,0,none,
T001557,0,none,
T001558,0,none,
T001559,0,none,
T001560,0,none,
T001561,0,none,
T001562,0,none,
T001563,0,none,
T001564,0,none,
T001565,0,none,
T001566,0,none,
T001567,0,none,
T001568,0,none,
T001569,0,none,
T001570,1,weight_outlier_high,Weight implausibly large (378.46 kg) for Cable item (was 14.33 kg)
T001571,0,none,
T001572,0,none,
T001573,0,none,
T001574,0,none,
T001575,0,none,
T001576,0,none,
T001577,0,none,
T001578,0,none,
T001579,0,none,
T001580,0,none,
T001581,0,none,
T001582,0,none,
T001583,0,none,
T001584,0,none,
T001585,0,none,
T001586,0,none,
T001587,0,none,
T001588,0,none,
T001589,1,price_outlier_high,Price per kg unrealistically high for Magnet-bearing assembly
T001590,0,none,
T001591,0,none,
T001592,0,none,
T001593,0,none,
T001594,0,none,
T001595,0,none,
T001596,0,none,
T001597,0,none,
T001598,0,none,
T001599,0,none,
T001600,0,none,
T001601,0,none,
T001602,0,none,
T001603,1,price_outlier_high,Price per kg unrealistically high for Other
T001604,0,none,
T001605,1,geo_mismatch,"Coordinates correspond to Meerut but recorded city/state is Noida, unusually far for a Collector Drop-off transaction"
T001606,0,none,
T001607,0,none,
T001608,0,none,
T001609,0,none,
T001610,0,none,
T001611,0,none,
T001612,0,none,
T001613,0,none,
T001614,0,none,
T001615,0,none,
T001616,0,none,
T001617,0,none,
T001618,0,none,
T001619,0,none,
T001620,0,none,
T001621,0,none,
T001622,0,none,
T001623,0,none,
T001624,0,none,
T001625,0,none,
T001626,0,none,
T001627,0,none,
T001628,0,none,
T001629,1,price_outlier_high,Price per kg unrealistically high for CRT
T001630,0,none,
T001631,0,none,
T001632,0,none,
T001633,0,none,
T001634,0,none,
T001635,0,none,
T001636,0,none,
T001637,0,none,
T001638,0,none,
T001639,0,none,
T001640,0,none,
T001641,0,none,
T001642,0,none,
T001643,0,none,
T001644,0,none,
T001645,0,none,
T001646,0,none,
T001647,0,none,
T001648,0,none,
T001649,0,none,
T001650,0,none,
T001651,0,none,
T001652,0,none,
T001653,0,none,
T001654,1,geo_mismatch,"Coordinates correspond to Bareilly but recorded city/state is Kolkata, unusually far for a Collector Drop-off transaction"
T001655,0,none,
T001656,0,none,
T001657,0,none,
T001658,0,none,
T001659,0,none,
T001660,0,none,
T001661,0,none,
T001662,0,none,
T001663,0,none,
T001664,0,none,
T001665,0,none,
T001666,0,none,
T001667,0,none,
T001668,0,none,
T001669,0,none,
T001670,0,none,
T001671,0,none,
T001672,0,none,
T001673,0,none,
T001674,0,none,
T001675,0,none,
T001676,0,none,
T001677,0,none,
T001678,0,none,
T001679,0,none,
T001680,0,none,
T001681,0,none,
T001682,1,weight_outlier_low,Weight implausibly small (0.034 kg) for Cable item (was 49.38 kg)
T001683,0,none,
T001684,0,none,
T001685,0,none,
T001686,0,none,
T001687,0,none,
T001688,0,none,
T001689,0,none,
T001690,0,none,
T001691,1,geo_mismatch,"Coordinates correspond to Ghaziabad but recorded city/state is Ahmedabad, unusually far for a Recycler Pickup transaction"
T001692,0,none,
T001693,0,none,
T001694,0,none,
T001695,0,none,
T001696,0,none,
T001697,0,none,
T001698,0,none,
T001699,0,none,
T001700,0,none,
T001701,0,none,
T001702,0,none,
T001703,1,price_outlier_high,Price per kg unrealistically high for Battery
T001704,0,none,
T001705,1,price_outlier_high,Price per kg unrealistically high for Cable
T001706,0,none,
T001707,0,none,
T001708,0,none,
T001709,0,none,
T001710,0,none,
T001711,0,none,
T001712,1,weight_outlier_high,Weight implausibly large (678.81 kg) for Cable item (was 11.96 kg)
T001713,0,none,
T001714,0,none,
T001715,0,none,
T001716,0,none,
T001717,0,none,
T001718,0,none,
T001719,0,none,
T001720,0,none,
T001721,0,none,
T001722,0,none,
T001723,0,none,
T001724,0,none,
T001725,0,none,
T001726,0,none,
T001727,0,none,
T001728,0,none,
T001729,0,none,
T001730,0,none,
T001731,0,none,
T001732,0,none,
T001733,0,none,
T001734,0,none,
T001735,0,none,
T001736,0,none,
T001737,0,none,
T001738,0,none,
T001739,0,none,
T001740,0,none,
T001741,0,none,
T001742,0,none,
T001743,0,none,
T001744,0,none,
T001745,0,none,
T001746,0,none,
T001747,0,none,
T001748,0,none,
T001749,0,none,
T001750,0,none,
T001751,0,none,
T001752,0,none,
T001753,0,none,
T001754,0,none,
T001755,0,none,
T001756,0,none,
T001757,0,none,
T001758,0,none,
T001759,0,none,
T001760,0,none,
T001761,0,none,
T001762,0,none,
T001763,0,none,
T001764,0,none,
T001765,0,none,
T001766,0,none,
T001767,0,none,
T001768,0,none,
T001769,0,none,
T001770,0,none,
T001771,0,none,
T001772,0,none,
T001773,0,none,
T001774,0,none,
T001775,0,none,
T001776,0,none,
T001777,0,none,
T001778,0,none,
T001779,0,none,
T001780,0,none,
T001781,0,none,
T001782,0,none,
T001783,0,none,
T001784,0,none,
T001785,0,none,
T001786,0,none,
T001787,0,none,
T001788,0,none,
T001789,0,none,
T001790,0,none,
T001791,0,none,
T001792,0,none,
T001793,1,suspicious_combination,Very large weight (245.94 kg) combined with unusually low total value for Cable
T001794,0,none,
T001795,0,none,
T001796,0,none,
T001797,0,none,
T001798,0,none,
T001799,0,none,
T001800,0,none,
T001801,1,weight_outlier_high,Weight implausibly large (686.48 kg) for Cable item (was 6.41 kg)
T001802,0,none,
T001803,0,none,
T001804,0,none,
T001805,0,none,
T001806,0,none,
T001807,0,none,
T001808,0,none,
T001809,0,none,
T001810,0,none,
T001811,0,none,
T001812,0,none,
T001813,1,price_outlier_high,Price per kg unrealistically high for PCB
T001814,0,none,
T001815,0,none,
T001816,0,none,
T001817,0,none,
T001818,0,none,
T001819,0,none,
T001820,0,none,
T001821,0,none,
T001822,0,none,
T001823,0,none,
T001824,0,none,
T001825,0,none,
T001826,1,price_outlier_high,Price per kg unrealistically high for Magnet-bearing assembly
T001827,0,none,
T001828,0,none,
T001829,0,none,
T001830,0,none,
T001831,0,none,
T001832,0,none,
T001833,1,suspicious_combination,Unusually high price for Other despite Poor/Damaged condition
T001834,0,none,
T001835,0,none,
T001836,0,none,
T001837,0,none,
T001838,0,none,
T001839,0,none,
T001840,0,none,
T001841,0,none,
T001842,0,none,
T001843,0,none,
T001844,0,none,
T001845,0,none,
T001846,0,none,
T001847,0,none,
T001848,0,none,
T001849,0,none,
T001850,0,none,
T001851,0,none,
T001852,0,none,
T001853,0,none,
T001854,0,none,
T001855,0,none,
T001856,0,none,
T001857,0,none,
T001858,0,none,
T001859,0,none,
T001860,0,none,
T001861,0,none,
T001862,0,none,
T001863,0,none,
T001864,0,none,
T001865,0,none,
T001866,0,none,
T001867,0,none,
T001868,0,none,
T001869,0,none,
T001870,0,none,
T001871,0,none,
T001872,0,none,
T001873,0,none,
T001874,1,suspicious_combination,Very large weight (205.97 kg) combined with unusually low total value for Mixed plastics
T001875,0,none,
T001876,0,none,
T001877,1,weight_outlier_high,Weight implausibly large (314.26 kg) for Mixed plastics item (was 4.17 kg)
T001878,0,none,
T001879,0,none,
T001880,1,weight_outlier_high,Weight implausibly large (799.47 kg) for Battery item (was 14.7 kg)
T001881,0,none,
T001882,0,none,
T001883,0,none,
T001884,1,geo_mismatch,"Coordinates correspond to Hyderabad but recorded city/state is Bareilly, unusually far for a Recycler Pickup transaction"
T001885,1,price_outlier_low,Price per kg far below normal synthetic distribution for CRT
T001886,0,none,
T001887,0,none,
T001888,0,none,
T001889,0,none,
T001890,0,none,
T001891,0,none,
T001892,1,value_mismatch,final_sale_value (3213.36) inconsistent with weight_kg x final_price_per_kg (expected ~328.97)
T001893,0,none,
T001894,0,none,
T001895,0,none,
T001896,0,none,
T001897,0,none,
T001898,0,none,
T001899,0,none,
T001900,0,none,
T001901,0,none,
T001902,0,none,
T001903,1,suspicious_combination,Very large weight (239.52 kg) combined with unusually low total value for Motor
T001904,1,price_outlier_high,Price per kg unrealistically high for CRT
T001905,0,none,
T001906,0,none,
T001907,0,none,
T001908,0,none,
T001909,0,none,
T001910,0,none,
T001911,0,none,
T001912,0,none,
T001913,0,none,
T001914,0,none,
T001915,0,none,
T001916,0,none,
T001917,0,none,
T001918,0,none,
T001919,0,none,
T001920,0,none,
T001921,0,none,
T001922,0,none,
T001923,0,none,
T001924,0,none,
T001925,0,none,
T001926,0,none,
T001927,0,none,
T001928,0,none,
T001929,0,none,
T001930,0,none,
T001931,0,none,
T001932,0,none,
T001933,0,none,
T001934,0,none,
T001935,1,price_outlier_low,Price per kg far below normal synthetic distribution for Cable
T001936,0,none,
T001937,0,none,
T001938,1,weight_outlier_high,Weight implausibly large (862.88 kg) for CRT item (was 29.88 kg)
T001939,0,none,
T001940,0,none,
T001941,0,none,
T001942,1,weight_outlier_low,Weight implausibly small (0.049 kg) for Mixed plastics item (was 12.14 kg)
T001943,0,none,
T001944,0,none,
T001945,0,none,
T001946,0,none,
T001947,0,none,
T001948,1,geo_mismatch,"Coordinates correspond to Pune but recorded city/state is Ahmedabad, unusually far for a Recycler Pickup transaction"
T001949,0,none,
T001950,0,none,
T001951,0,none,
T001952,0,none,
T001953,0,none,
T001954,0,none,
T001955,0,none,
T001956,0,none,
T001957,0,none,
T001958,0,none,
T001959,0,none,
T001960,0,none,
T001961,0,none,
T001962,0,none,
T001963,0,none,
T001964,0,none,
T001965,0,none,
T001966,0,none,
T001967,0,none,
T001968,0,none,
T001969,0,none,
T001970,0,none,
T001971,0,none,
T001972,0,none,
T001973,1,price_outlier_high,Price per kg unrealistically high for Battery
T001974,0,none,
T001975,0,none,
T001976,0,none,
T001977,0,none,
T001978,0,none,
T001979,0,none,
T001980,1,value_mismatch,final_sale_value (8533.77) inconsistent with weight_kg x final_price_per_kg (expected ~1624.41)
T001981,0,none,
T001982,0,none,
T001983,1,weight_outlier_low,Weight implausibly small (0.039 kg) for Magnet-bearing assembly item (was 3.78 kg)
T001984,0,none,
T001985,0,none,
T001986,0,none,
T001987,0,none,
T001988,0,none,
T001989,1,price_outlier_low,Price per kg far below normal synthetic distribution for PCB
T001990,0,none,
T001991,0,none,
T001992,0,none,
T001993,1,price_outlier_low,Price per kg far below normal synthetic distribution for Other
T001994,0,none,
T001995,0,none,
T001996,0,none,
T001997,1,price_outlier_low,Price per kg far below normal synthetic distribution for LCD/display
T001998,0,none,
T001999,0,none,
T002000,0,none,
T002001,0,none,
T002002,0,none,
T002003,0,none,
T002004,0,none,
T002005,0,none,
T002006,0,none,
T002007,0,none,
T002008,0,none,
T002009,0,none,
T002010,0,none,
T002011,0,none,
T002012,0,none,
T002013,0,none,
T002014,0,none,
T002015,0,none,
T002016,0,none,
T002017,0,none,
T002018,0,none,
T002019,0,none,
T002020,0,none,
T002021,0,none,
T002022,0,none,
T002023,0,none,
T002024,0,none,
T002025,0,none,
T002026,0,none,
T002027,0,none,
T002028,0,none,
T002029,0,none,
T002030,0,none,
T002031,0,none,
T002032,0,none,
T002033,0,none,
T002034,0,none,
T002035,0,none,
T002036,1,weight_outlier_low,Weight implausibly small (0.01 kg) for Magnet-bearing assembly item (was 3.29 kg)
T002037,0,none,
T002038,1,suspicious_combination,Very large weight (232.97 kg) combined with unusually low total value for LCD/display
T002039,0,none,
T002040,0,none,
T002041,0,none,
T002042,0,none,
T002043,0,none,
T002044,0,none,
T002045,0,none,
T002046,0,none,
T002047,0,none,
T002048,0,none,
T002049,0,none,
T002050,0,none,
T002051,0,none,
T002052,0,none,
T002053,0,none,
T002054,0,none,
T002055,0,none,
T002056,0,none,
T002057,0,none,
T002058,0,none,
T002059,0,none,
T002060,0,none,
T002061,0,none,
T002062,0,none,
T002063,0,none,
T002064,0,none,
T002065,0,none,
T002066,0,none,
T002067,0,none,
T002068,0,none,
T002069,0,none,
T002070,0,none,
T002071,0,none,
T002072,0,none,
T002073,0,none,
T002074,0,none,
T002075,0,none,
T002076,0,none,
T002077,0,none,
T002078,0,none,
T002079,0,none,
T002080,0,none,
T002081,1,weight_outlier_low,Weight implausibly small (0.008 kg) for Other item (was 23.61 kg)
T002082,0,none,
T002083,0,none,
T002084,0,none,
T002085,0,none,
T002086,0,none,
T002087,0,none,
T002088,0,none,
T002089,0,none,
T002090,0,none,
T002091,0,none,
T002092,0,none,
T002093,0,none,
T002094,0,none,
T002095,0,none,
T002096,0,none,
T002097,0,none,
T002098,1,geo_mismatch,"Coordinates correspond to Ghaziabad but recorded city/state is Mumbai, unusually far for a Recycler Pickup transaction"
T002099,0,none,
T002100,0,none,
T002101,0,none,
T002102,0,none,
T002103,0,none,
T002104,1,suspicious_combination,Unusually high price for PCB despite Poor/Damaged condition
T002105,0,none,
T002106,0,none,
T002107,0,none,
T002108,0,none,
T002109,0,none,
T002110,0,none,
T002111,0,none,
T002112,0,none,
T002113,0,none,
T002114,0,none,
T002115,0,none,
T002116,0,none,
T002117,0,none,
T002118,0,none,
T002119,0,none,
T002120,0,none,
T002121,0,none,
T002122,0,none,
T002123,0,none,
T002124,0,none,
T002125,0,none,
T002126,0,none,
T002127,0,none,
T002128,0,none,
T002129,0,none,
T002130,0,none,
T002131,0,none,
T002132,0,none,
T002133,0,none,
T002134,0,none,
T002135,0,none,
T002136,0,none,
T002137,0,none,
T002138,0,none,
T002139,0,none,
T002140,0,none,
T002141,0,none,
T002142,0,none,
T002143,0,none,
T002144,0,none,
T002145,0,none,
T002146,0,none,
T002147,0,none,
T002148,0,none,
T002149,0,none,
T002150,0,none,
T002151,0,none,
T002152,0,none,
T002153,0,none,
T002154,0,none,
T002155,0,none,
T002156,0,none,
T002157,1,value_mismatch,final_sale_value (11397.94) inconsistent with weight_kg x final_price_per_kg (expected ~1700.84)
T002158,0,none,
T002159,0,none,
T002160,0,none,
T002161,0,none,
T002162,0,none,
T002163,0,none,
T002164,0,none,
T002165,1,price_outlier_high,Price per kg unrealistically high for Cable
T002166,0,none,
T002167,0,none,
T002168,0,none,
T002169,1,geo_mismatch,"Coordinates correspond to Noida but recorded city/state is Ahmedabad, unusually far for a Recycler Pickup transaction"
T002170,0,none,
T002171,0,none,
T002172,0,none,
T002173,0,none,
T002174,0,none,
T002175,0,none,
T002176,1,weight_outlier_high,Weight implausibly large (728.3 kg) for PCB item (was 6.73 kg)
T002177,0,none,
T002178,0,none,
T002179,0,none,
T002180,0,none,
T002181,0,none,
T002182,0,none,
T002183,0,none,
T002184,0,none,
T002185,0,none,
T002186,0,none,
T002187,0,none,
T002188,0,none,
T002189,0,none,
T002190,0,none,
T002191,0,none,
T002192,0,none,
T002193,0,none,
T002194,0,none,
T002195,0,none,
T002196,0,none,
T002197,0,none,
T002198,0,none,
T002199,0,none,
T002200,0,none,
T002201,1,price_outlier_high,Price per kg unrealistically high for Magnet-bearing assembly
T002202,0,none,
T002203,0,none,
T002204,0,none,
T002205,0,none,
T002206,0,none,
T002207,0,none,
T002208,0,none,
T002209,0,none,
T002210,0,none,
T002211,0,none,
T002212,0,none,
T002213,0,none,
T002214,0,none,
T002215,0,none,
T002216,0,none,
T002217,0,none,
T002218,0,none,
T002219,0,none,
T002220,0,none,
T002221,0,none,
T002222,0,none,
T002223,0,none,
T002224,0,none,
T002225,0,none,
T002226,0,none,
T002227,0,none,
T002228,0,none,
T002229,1,geo_mismatch,"Coordinates correspond to Lucknow but recorded city/state is Pune, unusually far for a Collector Drop-off transaction"
T002230,0,none,
T002231,0,none,
T002232,0,none,
T002233,0,none,
T002234,0,none,
T002235,0,none,
T002236,0,none,
T002237,0,none,
T002238,1,price_outlier_low,Price per kg far below normal synthetic distribution for PCB
T002239,0,none,
T002240,0,none,
T002241,0,none,
T002242,0,none,
T002243,0,none,
T002244,1,suspicious_combination,Unusually high price for Other despite Poor/Damaged condition
T002245,0,none,
T002246,0,none,
T002247,0,none,
T002248,0,none,
T002249,0,none,
T002250,0,none,
T002251,0,none,
T002252,0,none,
T002253,0,none,
T002254,0,none,
T002255,0,none,
T002256,0,none,
T002257,0,none,
T002258,0,none,
T002259,0,none,
T002260,0,none,
T002261,0,none,
T002262,0,none,
T002263,0,none,
T002264,0,none,
T002265,0,none,
T002266,0,none,
T002267,0,none,
T002268,0,none,
T002269,0,none,
T002270,0,none,
T002271,0,none,
T002272,0,none,
T002273,0,none,
T002274,0,none,
T002275,0,none,
T002276,0,none,
T002277,0,none,
T002278,0,none,
T002279,0,none,
T002280,1,value_mismatch,final_sale_value (2208.43) inconsistent with weight_kg x final_price_per_kg (expected ~457.64)
T002281,0,none,
T002282,0,none,
T002283,0,none,
T002284,0,none,
T002285,0,none,
T002286,0,none,
T002287,0,none,
T002288,0,none,
T002289,0,none,
T002290,0,none,
T002291,0,none,
T002292,0,none,
T002293,0,none,
T002294,0,none,
T002295,0,none,
T002296,0,none,
T002297,0,none,
T002298,0,none,
T002299,0,none,
T002300,0,none,
T002301,0,none,
T002302,0,none,
T002303,0,none,
T002304,0,none,
T002305,0,none,
T002306,0,none,
T002307,0,none,
T002308,0,none,
T002309,1,value_mismatch,final_sale_value (44.34) inconsistent with weight_kg x final_price_per_kg (expected ~261.23)
T002310,0,none,
T002311,0,none,
T002312,0,none,
T002313,0,none,
T002314,0,none,
T002315,1,price_outlier_high,Price per kg unrealistically high for PCB
T002316,0,none,
T002317,0,none,
T002318,0,none,
T002319,0,none,
T002320,0,none,
T002321,0,none,
T002322,0,none,
T002323,0,none,
T002324,0,none,
T002325,0,none,
T002326,0,none,
T002327,0,none,
T002328,0,none,
T002329,0,none,
T002330,0,none,
T002331,1,price_outlier_high,Price per kg unrealistically high for Cable
T002332,0,none,
T002333,1,geo_mismatch,"Coordinates correspond to Ghaziabad but recorded city/state is Agra, unusually far for a Recycler Pickup transaction"
T002334,0,none,
T002335,0,none,
T002336,0,none,
T002337,0,none,
T002338,0,none,
T002339,0,none,
T002340,0,none,
T002341,0,none,
T002342,0,none,
T002343,0,none,
T002344,0,none,
T002345,0,none,
T002346,0,none,
T002347,0,none,
T002348,0,none,
T002349,0,none,
T002350,0,none,
T002351,0,none,
T002352,0,none,
T002353,0,none,
T002354,0,none,
T002355,0,none,
T002356,0,none,
T002357,0,none,
T002358,0,none,
T002359,0,none,
T002360,0,none,
T002361,0,none,
T002362,0,none,
T002363,0,none,
T002364,0,none,
T002365,0,none,
T002366,1,price_outlier_low,Price per kg far below normal synthetic distribution for LCD/display
T002367,0,none,
T002368,0,none,
T002369,0,none,
T002370,0,none,
T002371,0,none,
T002372,0,none,
T002373,1,price_outlier_high,Price per kg unrealistically high for Cable
T002374,0,none,
T002375,0,none,
T002376,0,none,
T002377,0,none,
T002378,0,none,
T002379,0,none,
T002380,0,none,
T002381,0,none,
T002382,0,none,
T002383,0,none,
T002384,0,none,
T002385,0,none,
T002386,0,none,
T002387,0,none,
T002388,0,none,
T002389,0,none,
T002390,1,weight_outlier_high,Weight implausibly large (645.13 kg) for Cable item (was 53.13 kg)
T002391,0,none,
T002392,0,none,
T002393,0,none,
T002394,0,none,
T002395,0,none,
T002396,0,none,
T002397,0,none,
T002398,0,none,
T002399,0,none,
T002400,0,none,
T002401,0,none,
T002402,0,none,
T002403,0,none,
T002404,0,none,
T002405,0,none,
T002406,0,none,
T002407,0,none,
T002408,1,suspicious_combination,Very large weight (273.09 kg) combined with unusually low total value for Magnet-bearing assembly
T002409,0,none,
T002410,1,weight_outlier_low,Weight implausibly small (0.018 kg) for Motor item (was 10.72 kg)
T002411,0,none,
T002412,1,geo_mismatch,"Coordinates correspond to Chandigarh but recorded city/state is Agra, unusually far for a Recycler Pickup transaction"
T002413,0,none,
T002414,0,none,
T002415,0,none,
T002416,1,weight_outlier_low,Weight implausibly small (0.028 kg) for Magnet-bearing assembly item (was 3.38 kg)
T002417,0,none,
T002418,0,none,
T002419,0,none,
T002420,0,none,
T002421,0,none,
T002422,0,none,
T002423,0,none,
T002424,0,none,
T002425,0,none,
T002426,0,none,
T002427,0,none,
T002428,0,none,
T002429,0,none,
T002430,0,none,
T002431,0,none,
T002432,0,none,
T002433,0,none,
T002434,0,none,
T002435,1,weight_outlier_low,Weight implausibly small (0.026 kg) for CRT item (was 3.58 kg)
T002436,0,none,
T002437,0,none,
T002438,0,none,
T002439,0,none,
T002440,0,none,
T002441,0,none,
T002442,0,none,
T002443,0,none,
T002444,0,none,
T002445,0,none,
T002446,0,none,
T002447,0,none,
T002448,0,none,
T002449,0,none,
T002450,1,weight_outlier_low,Weight implausibly small (0.044 kg) for Other item (was 4.8 kg)
T002451,0,none,
T002452,0,none,
T002453,0,none,
T002454,0,none,
T002455,0,none,
T002456,0,none,
T002457,0,none,
T002458,1,weight_outlier_high,Weight implausibly large (339.04 kg) for Cable item (was 6.8 kg)
T002459,0,none,
T002460,0,none,
T002461,1,geo_mismatch,"Coordinates correspond to Pune but recorded city/state is Ahmedabad, unusually far for a Recycler Pickup transaction"
T002462,0,none,
T002463,0,none,
T002464,0,none,
T002465,0,none,
T002466,0,none,
T002467,0,none,
T002468,0,none,
T002469,1,weight_outlier_low,Weight implausibly small (0.041 kg) for Battery item (was 3.85 kg)
T002470,0,none,
T002471,0,none,
T002472,0,none,
T002473,0,none,
T002474,0,none,
T002475,1,value_mismatch,final_sale_value (27.88) inconsistent with weight_kg x final_price_per_kg (expected ~417.63)
T002476,0,none,
T002477,0,none,
T002478,0,none,
T002479,0,none,
T002480,0,none,
T002481,0,none,
T002482,0,none,
T002483,0,none,
T002484,0,none,
T002485,0,none,
T002486,0,none,
T002487,0,none,
T002488,0,none,
T002489,0,none,
T002490,0,none,
T002491,0,none,
T002492,0,none,
T002493,0,none,
T002494,0,none,
T002495,0,none,
T002496,0,none,
T002497,0,none,
T002498,1,geo_mismatch,"Coordinates correspond to Hyderabad but recorded city/state is Ahmedabad, unusually far for a Collector Drop-off transaction"
T002499,0,none,
T002500,0,none,
T002501,0,none,
T002502,0,none,
T002503,0,none,
T002504,0,none,
T002505,0,none,
T002506,0,none,
T002507,0,none,
T002508,0,none,
T002509,0,none,
T002510,0,none,
T002511,1,geo_mismatch,"Coordinates correspond to Chandigarh but recorded city/state is Jaipur, unusually far for a Collector Drop-off transaction"
T002512,0,none,
T002513,0,none,
T002514,1,suspicious_combination,Very large weight (187.55 kg) combined with unusually low total value for Mixed plastics
T002515,0,none,
T002516,0,none,
T002517,0,none,
T002518,0,none,
T002519,0,none,
T002520,0,none,
T002521,0,none,
T002522,0,none,
T002523,0,none,
T002524,0,none,
T002525,0,none,
T002526,0,none,
T002527,0,none,
T002528,0,none,
T002529,0,none,
T002530,0,none,
T002531,0,none,
T002532,0,none,
T002533,0,none,
T002534,0,none,
T002535,0,none,
T002536,0,none,
T002537,0,none,
T002538,0,none,
T002539,0,none,
T002540,0,none,
T002541,0,none,
T002542,0,none,
T002543,0,none,
T002544,0,none,
T002545,0,none,
T002546,0,none,
T002547,0,none,
T002548,0,none,
T002549,0,none,
T002550,0,none,
T002551,0,none,
T002552,0,none,
T002553,0,none,
T002554,0,none,
T002555,0,none,
T002556,0,none,
T002557,0,none,
T002558,0,none,
T002559,0,none,
T002560,0,none,
T002561,1,value_mismatch,final_sale_value (137.38) inconsistent with weight_kg x final_price_per_kg (expected ~1218.57)
T002562,0,none,
T002563,0,none,
T002564,0,none,
T002565,0,none,
T002566,0,none,
T002567,0,none,
T002568,0,none,
T002569,0,none,
T002570,0,none,
T002571,0,none,
T002572,0,none,
T002573,0,none,
T002574,0,none,
T002575,0,none,
T002576,0,none,
T002577,0,none,
T002578,0,none,
T002579,0,none,
T002580,0,none,
T002581,0,none,
T002582,0,none,
T002583,0,none,
T002584,0,none,
T002585,0,none,
T002586,0,none,
T002587,0,none,
T002588,0,none,
T002589,0,none,
T002590,0,none,
T002591,0,none,
T002592,0,none,
T002593,0,none,
T002594,0,none,
T002595,1,weight_outlier_low,Weight implausibly small (0.042 kg) for Battery item (was 19.91 kg)
T002596,1,weight_outlier_high,Weight implausibly large (584.26 kg) for Mixed plastics item (was 8.14 kg)
T002597,1,price_outlier_low,Price per kg far below normal synthetic distribution for LCD/display
T002598,0,none,
T002599,0,none,
T002600,0,none,
T002601,0,none,
T002602,0,none,
T002603,0,none,
T002604,0,none,
T002605,0,none,
T002606,0,none,
T002607,0,none,
T002608,0,none,
T002609,0,none,
T002610,0,none,
T002611,0,none,
T002612,0,none,
T002613,0,none,
T002614,0,none,
T002615,0,none,
T002616,0,none,
T002617,0,none,
T002618,1,suspicious_combination,Very large weight (193.31 kg) combined with unusually low total value for PCB
T002619,0,none,
T002620,0,none,
T002621,0,none,
T002622,0,none,
T002623,0,none,
T002624,0,none,
T002625,0,none,
T002626,0,none,
T002627,0,none,
T002628,0,none,
T002629,0,none,
T002630,0,none,
T002631,0,none,
T002632,0,none,
T002633,0,none,
T002634,0,none,
T002635,0,none,
T002636,0,none,
T002637,0,none,
T002638,0,none,
T002639,0,none,
T002640,0,none,
T002641,1,value_mismatch,final_sale_value (2980.26) inconsistent with weight_kg x final_price_per_kg (expected ~313.05)
T002642,0,none,
T002643,0,none,
T002644,0,none,
T002645,0,none,
T002646,0,none,
T002647,0,none,
T002648,0,none,
T002649,0,none,
T002650,0,none,
T002651,0,none,
T002652,0,none,
T002653,0,none,
T002654,0,none,
T002655,1,suspicious_combination,Very large weight (282.57 kg) combined with unusually low total value for Other
T002656,0,none,
T002657,0,none,
T002658,0,none,
T002659,0,none,
T002660,0,none,
T002661,0,none,
T002662,0,none,
T002663,0,none,
T002664,0,none,
T002665,0,none,
T002666,0,none,
T002667,0,none,
T002668,0,none,
T002669,0,none,
T002670,1,suspicious_combination,Unusually high price for Cable despite Poor/Damaged condition
T002671,0,none,
T002672,1,price_outlier_low,Price per kg far below normal synthetic distribution for LCD/display
T002673,0,none,
T002674,0,none,
T002675,0,none,
T002676,0,none,
T002677,0,none,
T002678,0,none,
T002679,0,none,
T002680,0,none,
T002681,0,none,
T002682,0,none,
T002683,0,none,
T002684,0,none,
T002685,0,none,
T002686,0,none,
T002687,0,none,
T002688,0,none,
T002689,0,none,
T002690,0,none,
T002691,0,none,
T002692,0,none,
T002693,0,none,
T002694,0,none,
T002695,1,price_outlier_high,Price per kg unrealistically high for Magnet-bearing assembly
T002696,0,none,
T002697,0,none,
T002698,0,none,
T002699,0,none,
T002700,0,none,
T002701,0,none,
T002702,0,none,
T002703,0,none,
T002704,0,none,
T002705,1,price_outlier_high,Price per kg unrealistically high for Cable
T002706,0,none,
T002707,0,none,
T002708,0,none,
T002709,0,none,
T002710,0,none,
T002711,0,none,
T002712,0,none,
T002713,0,none,
T002714,1,weight_outlier_low,Weight implausibly small (0.013 kg) for Cable item (was 4.91 kg)
T002715,0,none,
T002716,0,none,
T002717,0,none,
T002718,0,none,
T002719,0,none,
T002720,0,none,
T002721,0,none,
T002722,0,none,
T002723,0,none,
T002724,0,none,
T002725,0,none,
T002726,0,none,
T002727,0,none,
T002728,0,none,
T002729,0,none,
T002730,0,none,
T002731,0,none,
T002732,0,none,
T002733,0,none,
T002734,0,none,
T002735,0,none,
T002736,0,none,
T002737,0,none,
T002738,0,none,
T002739,0,none,
T002740,0,none,
T002741,0,none,
T002742,1,weight_outlier_high,Weight implausibly large (841.26 kg) for PCB item (was 4.46 kg)
T002743,0,none,
T002744,0,none,
T002745,1,geo_mismatch,"Coordinates correspond to Jaipur but recorded city/state is Noida, unusually far for a Collector Drop-off transaction"
T002746,0,none,
T002747,0,none,
T002748,0,none,
T002749,0,none,
T002750,0,none,
T002751,0,none,
T002752,0,none,
T002753,0,none,
T002754,0,none,
T002755,0,none,
T002756,0,none,
T002757,0,none,
T002758,0,none,
T002759,0,none,
T002760,0,none,
T002761,0,none,
T002762,0,none,
T002763,0,none,
T002764,0,none,
T002765,0,none,
T002766,0,none,
T002767,0,none,
T002768,0,none,
T002769,0,none,
T002770,0,none,
T002771,0,none,
T002772,0,none,
T002773,1,geo_mismatch,"Coordinates correspond to Pune but recorded city/state is Noida, unusually far for a Collector Drop-off transaction"
T002774,0,none,
T002775,0,none,
T002776,0,none,
T002777,0,none,
T002778,0,none,
T002779,0,none,
T002780,0,none,
T002781,0,none,
T002782,0,none,
T002783,0,none,
T002784,0,none,
T002785,0,none,
T002786,0,none,
T002787,0,none,
T002788,0,none,
T002789,0,none,
T002790,1,suspicious_combination,Unusually high price for Battery despite Poor/Damaged condition
T002791,0,none,
T002792,0,none,
T002793,0,none,
T002794,0,none,
T002795,1,value_mismatch,final_sale_value (8599.21) inconsistent with weight_kg x final_price_per_kg (expected ~792.54)
T002796,0,none,
T002797,0,none,
T002798,0,none,
T002799,0,none,
T002800,0,none,
T002801,0,none,
T002802,0,none,
T002803,0,none,
T002804,0,none,
T002805,0,none,
T002806,0,none,
T002807,0,none,
T002808,0,none,
T002809,0,none,
T002810,0,none,
T002811,0,none,
T002812,0,none,
T002813,0,none,
T002814,0,none,
T002815,0,none,
T002816,0,none,
T002817,0,none,
T002818,0,none,
T002819,1,suspicious_combination,Very large weight (210.15 kg) combined with unusually low total value for Magnet-bearing assembly
T002820,0,none,
T002821,0,none,
T002822,0,none,
T002823,0,none,
T002824,0,none,
T002825,0,none,
T002826,0,none,
T002827,0,none,
T002828,0,none,
T002829,0,none,
T002830,0,none,
T002831,0,none,
T002832,0,none,
T002833,0,none,
T002834,0,none,
T002835,0,none,
T002836,0,none,
T002837,0,none,
T002838,0,none,
T002839,0,none,
T002840,0,none,
T002841,0,none,
T002842,0,none,
T002843,0,none,
T002844,0,none,
T002845,0,none,
T002846,0,none,
T002847,0,none,
T002848,0,none,
T002849,0,none,
T002850,0,none,
T002851,0,none,
T002852,0,none,
T002853,0,none,
T002854,0,none,
T002855,0,none,
T002856,0,none,
T002857,0,none,
T002858,0,none,
T002859,0,none,
T002860,0,none,
T002861,0,none,
T002862,0,none,
T002863,0,none,
T002864,0,none,
T002865,0,none,
T002866,0,none,
T002867,0,none,
T002868,0,none,
T002869,0,none,
T002870,0,none,
T002871,0,none,
T002872,0,none,
T002873,0,none,
T002874,0,none,
T002875,0,none,
T002876,0,none,
T002877,1,price_outlier_high,Price per kg unrealistically high for Cable
T002878,0,none,
T002879,0,none,
T002880,0,none,
T002881,0,none,
T002882,0,none,
T002883,0,none,
T002884,0,none,
T002885,0,none,
T002886,0,none,
T002887,0,none,
T002888,0,none,
T002889,0,none,
T002890,0,none,
T002891,0,none,
T002892,0,none,
T002893,0,none,
T002894,0,none,
T002895,0,none,
T002896,0,none,
T002897,0,none,
T002898,1,weight_outlier_high,Weight implausibly large (573.73 kg) for LCD/display item (was 1.12 kg)
T002899,0,none,
T002900,0,none,
T002901,0,none,
T002902,1,value_mismatch,final_sale_value (3625.04) inconsistent with weight_kg x final_price_per_kg (expected ~865.59)
T002903,0,none,
T002904,0,none,
T002905,0,none,
T002906,0,none,
T002907,0,none,
T002908,0,none,
T002909,0,none,
T002910,0,none,
T002911,0,none,
T002912,0,none,
T002913,0,none,
T002914,0,none,
T002915,0,none,
T002916,0,none,
T002917,0,none,
T002918,0,none,
T002919,0,none,
T002920,0,none,
T002921,0,none,
T002922,1,price_outlier_high,Price per kg unrealistically high for Cable
T002923,0,none,
T002924,0,none,
T002925,0,none,
T002926,0,none,
T002927,0,none,
T002928,0,none,
T002929,0,none,
T002930,0,none,
T002931,0,none,
T002932,0,none,
T002933,0,none,
T002934,0,none,
T002935,0,none,
T002936,0,none,
T002937,0,none,
T002938,0,none,
T002939,0,none,
T002940,0,none,
T002941,1,value_mismatch,final_sale_value (24963.62) inconsistent with weight_kg x final_price_per_kg (expected ~2550.39)
T002942,0,none,
T002943,0,none,
T002944,0,none,
T002945,0,none,
T002946,0,none,
T002947,0,none,
T002948,0,none,
T002949,0,none,
T002950,0,none,
T002951,0,none,
T002952,0,none,
T002953,0,none,
T002954,0,none,
T002955,0,none,
T002956,0,none,
T002957,0,none,
T002958,0,none,
T002959,0,none,
T002960,0,none,
T002961,0,none,
T002962,0,none,
T002963,1,value_mismatch,final_sale_value (264.59) inconsistent with weight_kg x final_price_per_kg (expected ~1550.49)
T002964,0,none,
T002965,0,none,
T002966,0,none,
T002967,1,geo_mismatch,"Coordinates correspond to Chandigarh but recorded city/state is Hyderabad, unusually far for a Collector Drop-off transaction"
T002968,0,none,
T002969,0,none,
T002970,0,none,
T002971,1,price_outlier_low,Price per kg far below normal synthetic distribution for PCB
T002972,0,none,
T002973,0,none,
T002974,0,none,
T002975,0,none,
T002976,0,none,
T002977,0,none,
T002978,0,none,
T002979,0,none,
T002980,0,none,
T002981,0,none,
T002982,0,none,
T002983,0,none,
T002984,0,none,
T002985,0,none,
T002986,0,none,
T002987,0,none,
T002988,0,none,
T002989,0,none,
T002990,0,none,
T002991,0,none,
T002992,0,none,
T002993,0,none,
T002994,0,none,
T002995,0,none,
T002996,0,none,
T002997,0,none,
T002998,0,none,
T002999,0,none,
T003000,0,none,
T003001,0,none,
T003002,1,value_mismatch,final_sale_value (9298.24) inconsistent with weight_kg x final_price_per_kg (expected ~896.99)
T003003,0,none,
T003004,0,none,
T003005,0,none,
T003006,0,none,
T003007,0,none,
T003008,1,weight_outlier_high,Weight implausibly large (822.79 kg) for Other item (was 24.64 kg)
T003009,0,none,
T003010,0,none,
T003011,0,none,
T003012,0,none,
T003013,0,none,
T003014,0,none,
T003015,0,none,
T003016,0,none,
T003017,0,none,
T003018,0,none,
T003019,0,none,
T003020,0,none,
T003021,0,none,
T003022,0,none,
T003023,0,none,
T003024,0,none,
T003025,0,none,
T003026,0,none,
T003027,0,none,
T003028,0,none,
T003029,0,none,
T003030,0,none,
T003031,1,price_outlier_high,Price per kg unrealistically high for Battery
T003032,0,none,
T003033,0,none,
T003034,0,none,
T003035,0,none,
T003036,1,geo_mismatch,"Coordinates correspond to Bengaluru but recorded city/state is Meerut, unusually far for a Recycler Pickup transaction"
T003037,1,price_outlier_high,Price per kg unrealistically high for PCB
T003038,0,none,
T003039,0,none,
T003040,0,none,
T003041,0,none,
T003042,0,none,
T003043,0,none,
T003044,0,none,
T003045,0,none,
T003046,0,none,
T003047,1,geo_mismatch,"Coordinates correspond to Chennai but recorded city/state is Ahmedabad, unusually far for a Collector Drop-off transaction"
T003048,0,none,
T003049,0,none,
T003050,0,none,
T003051,0,none,
T003052,0,none,
T003053,0,none,
T003054,0,none,
T003055,0,none,
T003056,0,none,
T003057,1,price_outlier_high,Price per kg unrealistically high for CRT
T003058,0,none,
T003059,0,none,
T003060,0,none,
T003061,0,none,
T003062,0,none,
T003063,0,none,
T003064,0,none,
T003065,0,none,
T003066,0,none,
T003067,1,suspicious_combination,Unusually high price for Motor despite Poor/Damaged condition
T003068,0,none,
T003069,0,none,
T003070,0,none,
T003071,0,none,
T003072,0,none,
T003073,0,none,
T003074,0,none,
T003075,0,none,
T003076,1,price_outlier_high,Price per kg unrealistically high for Cable
T003077,0,none,
T003078,1,value_mismatch,final_sale_value (10825.03) inconsistent with weight_kg x final_price_per_kg (expected ~936.7)
T003079,0,none,
T003080,0,none,
T003081,0,none,
T003082,0,none,
T003083,0,none,
T003084,0,none,
T003085,0,none,
T003086,0,none,
T003087,0,none,
T003088,0,none,
T003089,0,none,
T003090,0,none,
T003091,0,none,
T003092,0,none,
T003093,0,none,
T003094,0,none,
T003095,0,none,
T003096,0,none,
T003097,1,weight_outlier_low,Weight implausibly small (0.027 kg) for Battery item (was 30.35 kg)
T003098,0,none,
T003099,0,none,
T003100,0,none,
T003101,0,none,
T003102,0,none,
T003103,0,none,
T003104,0,none,
T003105,0,none,
T003106,0,none,
T003107,0,none,
T003108,1,suspicious_combination,Very large weight (174.84 kg) combined with unusually low total value for Motor
T003109,0,none,
T003110,0,none,
T003111,0,none,
T003112,0,none,
T003113,0,none,
T003114,0,none,
T003115,0,none,
T003116,0,none,
T003117,0,none,
T003118,0,none,
T003119,0,none,
T003120,0,none,
T003121,0,none,
T003122,0,none,
T003123,0,none,
T003124,0,none,
T003125,0,none,
T003126,0,none,
T003127,0,none,
T003128,0,none,
T003129,0,none,
T003130,0,none,
T003131,0,none,
T003132,0,none,
T003133,0,none,
T003134,0,none,
T003135,0,none,
T003136,0,none,
T003137,0,none,
T003138,0,none,
T003139,0,none,
T003140,0,none,
T003141,0,none,
T003142,0,none,
T003143,0,none,
T003144,0,none,
T003145,1,suspicious_combination,Very large weight (174.16 kg) combined with unusually low total value for LCD/display
T003146,0,none,
T003147,0,none,
T003148,0,none,
T003149,0,none,
T003150,0,none,
T003151,0,none,
T003152,0,none,
T003153,0,none,
T003154,0,none,
T003155,0,none,
T003156,0,none,
T003157,0,none,
T003158,0,none,
T003159,0,none,
T003160,0,none,
T003161,0,none,
T003162,0,none,
T003163,0,none,
T003164,0,none,
T003165,0,none,
T003166,0,none,
T003167,0,none,
T003168,0,none,
T003169,0,none,
T003170,0,none,
T003171,0,none,
T003172,0,none,
T003173,0,none,
T003174,0,none,
T003175,0,none,
T003176,0,none,
T003177,0,none,
T003178,0,none,
T003179,0,none,
T003180,0,none,
T003181,0,none,
T003182,0,none,
T003183,0,none,
T003184,0,none,
T003185,0,none,
T003186,0,none,
T003187,0,none,
T003188,0,none,
T003189,0,none,
T003190,0,none,
T003191,0,none,
T003192,0,none,
T003193,0,none,
T003194,0,none,
T003195,1,weight_outlier_high,Weight implausibly large (326.77 kg) for PCB item (was 7.05 kg)
T003196,0,none,
T003197,0,none,
T003198,0,none,
T003199,0,none,
T003200,0,none,
T003201,0,none,
T003202,0,none,
T003203,0,none,
T003204,1,geo_mismatch,"Coordinates correspond to Ghaziabad but recorded city/state is Hyderabad, unusually far for a Collector Drop-off transaction"
T003205,0,none,
T003206,0,none,
T003207,0,none,
T003208,0,none,
T003209,0,none,
T003210,0,none,
T003211,0,none,
T003212,0,none,
T003213,0,none,
T003214,0,none,
T003215,0,none,
T003216,0,none,
T003217,0,none,
T003218,0,none,
T003219,0,none,
T003220,0,none,
T003221,0,none,
T003222,0,none,
T003223,0,none,
T003224,0,none,
T003225,0,none,
T003226,0,none,
T003227,0,none,
T003228,0,none,
T003229,0,none,
T003230,0,none,
T003231,0,none,
T003232,0,none,
T003233,0,none,
T003234,0,none,
T003235,0,none,
T003236,0,none,
T003237,0,none,
T003238,0,none,
T003239,0,none,
T003240,0,none,
T003241,0,none,
T003242,0,none,
T003243,0,none,
T003244,0,none,
T003245,0,none,
T003246,0,none,
T003247,0,none,
T003248,0,none,
T003249,0,none,
T003250,0,none,
T003251,0,none,
T003252,0,none,
T003253,0,none,
T003254,0,none,
T003255,0,none,
T003256,0,none,
T003257,0,none,
T003258,0,none,
T003259,0,none,
T003260,0,none,
T003261,0,none,
T003262,0,none,
T003263,0,none,
T003264,0,none,
T003265,1,price_outlier_high,Price per kg unrealistically high for CRT
T003266,0,none,
T003267,0,none,
T003268,0,none,
T003269,0,none,
T003270,0,none,
T003271,0,none,
T003272,0,none,
T003273,0,none,
T003274,0,none,
T003275,0,none,
T003276,0,none,
T003277,0,none,
T003278,0,none,
T003279,0,none,
T003280,0,none,
T003281,0,none,
T003282,0,none,
T003283,1,weight_outlier_low,Weight implausibly small (0.021 kg) for LCD/display item (was 8.58 kg)
T003284,0,none,
T003285,0,none,
T003286,0,none,
T003287,0,none,
T003288,0,none,
T003289,0,none,
T003290,0,none,
T003291,0,none,
T003292,0,none,
T003293,0,none,
T003294,0,none,
T003295,0,none,
T003296,0,none,
T003297,0,none,
T003298,0,none,
T003299,0,none,
T003300,0,none,
T003301,0,none,
T003302,0,none,
T003303,0,none,
T003304,0,none,
T003305,0,none,
T003306,0,none,
T003307,1,price_outlier_low,Price per kg far below normal synthetic distribution for PCB
T003308,0,none,
T003309,0,none,
T003310,0,none,
T003311,0,none,
T003312,0,none,
T003313,1,price_outlier_low,Price per kg far below normal synthetic distribution for Motor
T003314,0,none,
T003315,0,none,
T003316,0,none,
T003317,0,none,
T003318,0,none,
T003319,0,none,
T003320,0,none,
T003321,1,price_outlier_low,Price per kg far below normal synthetic distribution for Cable
T003322,0,none,
T003323,0,none,
T003324,0,none,
T003325,0,none,
T003326,0,none,
T003327,0,none,
T003328,0,none,
T003329,0,none,
T003330,0,none,
T003331,0,none,
T003332,0,none,
T003333,0,none,
T003334,0,none,
T003335,1,weight_outlier_low,Weight implausibly small (0.009 kg) for Mixed plastics item (was 14.92 kg)
T003336,0,none,
T003337,0,none,
T003338,0,none,
T003339,0,none,
T003340,0,none,
T003341,0,none,
T003342,0,none,
T003343,1,weight_outlier_high,Weight implausibly large (369.28 kg) for LCD/display item (was 12.14 kg)
T003344,0,none,
T003345,0,none,
T003346,0,none,
T003347,0,none,
T003348,0,none,
T003349,0,none,
T003350,0,none,
T003351,0,none,
T003352,0,none,
T003353,0,none,
T003354,0,none,
T003355,0,none,
T003356,0,none,
T003357,0,none,
T003358,0,none,
T003359,0,none,
T003360,0,none,
T003361,0,none,
T003362,0,none,
T003363,0,none,
T003364,0,none,
T003365,1,price_outlier_low,Price per kg far below normal synthetic distribution for Motor
T003366,0,none,
T003367,0,none,
T003368,0,none,
T003369,0,none,
T003370,0,none,
T003371,0,none,
T003372,0,none,
T003373,0,none,
T003374,0,none,
T003375,1,weight_outlier_low,Weight implausibly small (0.006 kg) for Other item (was 6.96 kg)
T003376,0,none,
T003377,0,none,
T003378,0,none,
T003379,0,none,
T003380,0,none,
T003381,0,none,
T003382,0,none,
T003383,0,none,
T003384,0,none,
T003385,0,none,
T003386,0,none,
T003387,0,none,
T003388,0,none,
T003389,0,none,
T003390,0,none,
T003391,0,none,
T003392,0,none,
T003393,0,none,
T003394,0,none,
T003395,1,weight_outlier_low,Weight implausibly small (0.038 kg) for PCB item (was 7.61 kg)
T003396,0,none,
T003397,0,none,
T003398,0,none,
T003399,0,none,
T003400,0,none,
T003401,0,none,
T003402,0,none,
T003403,0,none,
T003404,0,none,
T003405,0,none,
T003406,0,none,
T003407,0,none,
T003408,0,none,
T003409,0,none,
T003410,0,none,
T003411,0,none,
T003412,0,none,
T003413,0,none,
T003414,0,none,
T003415,0,none,
T003416,0,none,
T003417,0,none,
T003418,0,none,
T003419,0,none,
T003420,0,none,
T003421,1,weight_outlier_low,Weight implausibly small (0.009 kg) for Mixed plastics item (was 21.47 kg)
T003422,0,none,
T003423,1,price_outlier_high,Price per kg unrealistically high for Battery
T003424,0,none,
T003425,0,none,
T003426,0,none,
T003427,0,none,
T003428,0,none,
T003429,0,none,
T003430,0,none,
T003431,1,weight_outlier_low,Weight implausibly small (0.02 kg) for PCB item (was 9.58 kg)
T003432,0,none,
T003433,0,none,
T003434,0,none,
T003435,0,none,
T003436,0,none,
T003437,0,none,
T003438,0,none,
T003439,1,value_mismatch,final_sale_value (439.88) inconsistent with weight_kg x final_price_per_kg (expected ~2838.35)
T003440,0,none,
T003441,0,none,
T003442,0,none,
T003443,0,none,
T003444,0,none,
T003445,0,none,
T003446,0,none,
T003447,0,none,
T003448,0,none,
T003449,0,none,
T003450,0,none,
T003451,0,none,
T003452,0,none,
T003453,0,none,
T003454,0,none,
T003455,0,none,
T003456,0,none,
T003457,1,weight_outlier_low,Weight implausibly small (0.037 kg) for PCB item (was 1.05 kg)
T003458,1,weight_outlier_high,Weight implausibly large (530.29 kg) for Cable item (was 37.29 kg)
T003459,0,none,
T003460,0,none,
T003461,0,none,
T003462,0,none,
T003463,0,none,
T003464,0,none,
T003465,0,none,
T003466,0,none,
T003467,0,none,
T003468,0,none,
T003469,0,none,
T003470,0,none,
T003471,0,none,
T003472,0,none,
T003473,0,none,
T003474,0,none,
T003475,1,price_outlier_low,Price per kg far below normal synthetic distribution for Battery
T003476,0,none,
T003477,0,none,
T003478,1,geo_mismatch,"Coordinates correspond to Bengaluru but recorded city/state is Ghaziabad, unusually far for a Recycler Pickup transaction"
T003479,1,weight_outlier_low,Weight implausibly small (0.006 kg) for Cable item (was 46.26 kg)
T003480,0,none,
T003481,0,none,
T003482,0,none,
T003483,1,geo_mismatch,"Coordinates correspond to Lucknow but recorded city/state is Kanpur, unusually far for a Collector Drop-off transaction"
T003484,0,none,
T003485,0,none,
T003486,0,none,
T003487,1,geo_mismatch,"Coordinates correspond to Ghaziabad but recorded city/state is Lucknow, unusually far for a Recycler Pickup transaction"
T003488,0,none,
T003489,1,value_mismatch,final_sale_value (8457.15) inconsistent with weight_kg x final_price_per_kg (expected ~1339.06)
T003490,0,none,
T003491,0,none,
T003492,0,none,
T003493,0,none,
T003494,0,none,
T003495,0,none,
T003496,0,none,
T003497,0,none,
T003498,0,none,
T003499,0,none,
T003500,0,none,
T003501,0,none,
T003502,0,none,
T003503,0,none,
T003504,0,none,
T003505,0,none,
T003506,0,none,
T003507,0,none,
T003508,0,none,
T003509,0,none,
T003510,0,none,
T003511,0,none,
T003512,0,none,
T003513,0,none,
T003514,0,none,
T003515,0,none,
T003516,0,none,
T003517,0,none,
T003518,0,none,
T003519,0,none,
T003520,0,none,
T003521,0,none,
T003522,0,none,
T003523,0,none,
T003524,0,none,
T003525,0,none,
T003526,0,none,
T003527,0,none,
T003528,0,none,
T003529,0,none,
T003530,0,none,
T003531,1,weight_outlier_high,Weight implausibly large (600.47 kg) for Motor item (was 45.81 kg)
T003532,0,none,
T003533,0,none,
T003534,0,none,
T003535,0,none,
T003536,1,value_mismatch,final_sale_value (7254.41) inconsistent with weight_kg x final_price_per_kg (expected ~642.96)
T003537,0,none,
T003538,0,none,
T003539,0,none,
T003540,0,none,
T003541,0,none,
T003542,1,geo_mismatch,"Coordinates correspond to Chennai but recorded city/state is Agra, unusually far for a Collector Drop-off transaction"
T003543,0,none,
T003544,0,none,
T003545,0,none,
T003546,0,none,
T003547,0,none,
T003548,0,none,
T003549,0,none,
T003550,0,none,
T003551,0,none,
T003552,1,price_outlier_high,Price per kg unrealistically high for Cable
T003553,0,none,
T003554,0,none,
T003555,0,none,
T003556,0,none,
T003557,0,none,
T003558,0,none,
T003559,0,none,
T003560,0,none,
T003561,0,none,
T003562,0,none,
T003563,0,none,
T003564,0,none,
T003565,0,none,
T003566,0,none,
T003567,0,none,
T003568,0,none,
T003569,0,none,
T003570,0,none,
T003571,0,none,
T003572,0,none,
T003573,0,none,
T003574,0,none,
T003575,1,suspicious_combination,Very large weight (183.37 kg) combined with unusually low total value for LCD/display
T003576,0,none,
T003577,1,weight_outlier_high,Weight implausibly large (532.47 kg) for Mixed plastics item (was 25.17 kg)
T003578,0,none,
T003579,0,none,
T003580,0,none,
T003581,0,none,
T003582,0,none,
T003583,0,none,
T003584,0,none,
T003585,0,none,
T003586,0,none,
T003587,0,none,
T003588,0,none,
T003589,1,value_mismatch,final_sale_value (50.14) inconsistent with weight_kg x final_price_per_kg (expected ~447.41)
T003590,0,none,
T003591,0,none,
T003592,1,weight_outlier_high,Weight implausibly large (319.53 kg) for Other item (was 9.36 kg)
T003593,0,none,
T003594,0,none,
T003595,0,none,
T003596,0,none,
T003597,0,none,
T003598,0,none,
T003599,0,none,
T003600,0,none,
T003601,0,none,
T003602,0,none,
T003603,0,none,
T003604,0,none,
T003605,1,weight_outlier_low,Weight implausibly small (0.044 kg) for LCD/display item (was 5.26 kg)
T003606,0,none,
T003607,0,none,
T003608,0,none,
T003609,0,none,
T003610,0,none,
T003611,0,none,
T003612,0,none,
T003613,0,none,
T003614,0,none,
T003615,0,none,
T003616,0,none,
T003617,0,none,
T003618,0,none,
T003619,0,none,
T003620,0,none,
T003621,0,none,
T003622,0,none,
T003623,0,none,
T003624,0,none,
T003625,0,none,
T003626,0,none,
T003627,0,none,
T003628,0,none,
T003629,0,none,
T003630,0,none,
T003631,0,none,
T003632,0,none,
T003633,1,price_outlier_high,Price per kg unrealistically high for LCD/display
T003634,0,none,
T003635,1,price_outlier_low,Price per kg far below normal synthetic distribution for PCB
T003636,0,none,
T003637,1,suspicious_combination,Unusually high price for Cable despite Poor/Damaged condition
T003638,0,none,
T003639,0,none,
T003640,0,none,
T003641,1,geo_mismatch,"Coordinates correspond to Lucknow but recorded city/state is Hyderabad, unusually far for a Recycler Pickup transaction"
T003642,0,none,
T003643,0,none,
T003644,0,none,
T003645,0,none,
T003646,0,none,
T003647,0,none,
T003648,0,none,
T003649,0,none,
T003650,0,none,
T003651,1,weight_outlier_high,Weight implausibly large (541.2 kg) for PCB item (was 10.81 kg)
T003652,1,geo_mismatch,"Coordinates correspond to Kolkata but recorded city/state is Bengaluru, unusually far for a Recycler Pickup transaction"
T003653,0,none,
T003654,0,none,
T003655,0,none,
T003656,0,none,
T003657,0,none,
T003658,0,none,
T003659,0,none,
T003660,0,none,
T003661,1,price_outlier_low,Price per kg far below normal synthetic distribution for Magnet-bearing assembly
T003662,0,none,
T003663,0,none,
T003664,0,none,
T003665,0,none,
T003666,1,suspicious_combination,Unusually high price for Cable despite Poor/Damaged condition
T003667,0,none,
T003668,0,none,
T003669,0,none,
T003670,0,none,
T003671,0,none,
T003672,0,none,
T003673,0,none,
T003674,0,none,
T003675,0,none,
T003676,0,none,
T003677,0,none,
T003678,0,none,
T003679,0,none,
T003680,0,none,
T003681,0,none,
T003682,0,none,
T003683,0,none,
T003684,0,none,
T003685,0,none,
T003686,0,none,
T003687,0,none,
T003688,0,none,
T003689,0,none,
T003690,0,none,
T003691,0,none,
T003692,0,none,
T003693,0,none,
T003694,0,none,
T003695,0,none,
T003696,0,none,
T003697,1,suspicious_combination,Very large weight (166.76 kg) combined with unusually low total value for Motor
T003698,0,none,
T003699,0,none,
T003700,1,value_mismatch,final_sale_value (1045.47) inconsistent with weight_kg x final_price_per_kg (expected ~188.65)
T003701,0,none,
T003702,0,none,
T003703,0,none,
T003704,0,none,
T003705,0,none,
T003706,0,none,
T003707,0,none,
T003708,0,none,
T003709,0,none,
T003710,0,none,
T003711,0,none,
T003712,0,none,
T003713,0,none,
T003714,0,none,
T003715,0,none,
T003716,0,none,
T003717,0,none,
T003718,0,none,
T003719,0,none,
T003720,0,none,
T003721,0,none,
T003722,0,none,
T003723,0,none,
T003724,0,none,
T003725,0,none,
T003726,0,none,
T003727,0,none,
T003728,0,none,
T003729,1,price_outlier_low,Price per kg far below normal synthetic distribution for Battery
T003730,0,none,
T003731,0,none,
T003732,0,none,
T003733,1,weight_outlier_high,Weight implausibly large (876.02 kg) for PCB item (was 17.63 kg)
T003734,0,none,
T003735,0,none,
T003736,0,none,
T003737,0,none,
T003738,1,geo_mismatch,"Coordinates correspond to Jaipur but recorded city/state is Pune, unusually far for a Recycler Pickup transaction"
T003739,1,price_outlier_high,Price per kg unrealistically high for CRT
T003740,0,none,
T003741,0,none,
T003742,0,none,
T003743,0,none,
T003744,0,none,
T003745,0,none,
T003746,0,none,
T003747,1,price_outlier_high,Price per kg unrealistically high for Cable
T003748,0,none,
T003749,0,none,
T003750,0,none,
T003751,0,none,
T003752,0,none,
T003753,0,none,
T003754,0,none,
T003755,0,none,
T003756,0,none,
T003757,0,none,
T003758,0,none,
T003759,0,none,
T003760,0,none,
T003761,0,none,
T003762,0,none,
T003763,0,none,
T003764,0,none,
T003765,1,weight_outlier_low,Weight implausibly small (0.019 kg) for Other item (was 8.46 kg)
T003766,1,value_mismatch,final_sale_value (1268.58) inconsistent with weight_kg x final_price_per_kg (expected ~278.36)
T003767,0,none,
T003768,0,none,
T003769,0,none,
T003770,0,none,
T003771,0,none,
T003772,0,none,
T003773,0,none,
T003774,0,none,
T003775,0,none,
T003776,0,none,
T003777,0,none,
T003778,0,none,
T003779,0,none,
T003780,0,none,
T003781,0,none,
T003782,0,none,
T003783,0,none,
T003784,0,none,
T003785,0,none,
T003786,0,none,
T003787,0,none,
T003788,0,none,
T003789,0,none,
T003790,0,none,
T003791,0,none,
T003792,0,none,
T003793,0,none,
T003794,0,none,
T003795,0,none,
T003796,0,none,
T003797,0,none,
T003798,0,none,
T003799,0,none,
T003800,0,none,
T003801,0,none,
T003802,0,none,
T003803,0,none,
T003804,0,none,
T003805,0,none,
T003806,0,none,
T003807,0,none,
T003808,0,none,
T003809,0,none,
T003810,0,none,
T003811,0,none,
T003812,0,none,
T003813,0,none,
T003814,0,none,
T003815,0,none,
T003816,0,none,
T003817,0,none,
T003818,0,none,
T003819,0,none,
T003820,0,none,
T003821,0,none,
T003822,0,none,
T003823,0,none,
T003824,0,none,
T003825,0,none,
T003826,0,none,
T003827,0,none,
T003828,0,none,
T003829,0,none,
T003830,0,none,
T003831,0,none,
T003832,0,none,
T003833,1,suspicious_combination,Unusually high price for Other despite Poor/Damaged condition
T003834,1,geo_mismatch,"Coordinates correspond to Bengaluru but recorded city/state is Pune, unusually far for a Recycler Pickup transaction"
T003835,0,none,
T003836,0,none,
T003837,0,none,
T003838,0,none,
T003839,0,none,
T003840,0,none,
T003841,0,none,
T003842,0,none,
T003843,0,none,
T003844,0,none,
T003845,0,none,
T003846,0,none,
T003847,0,none,
T003848,0,none,
T003849,0,none,
T003850,0,none,
T003851,0,none,
T003852,0,none,
T003853,0,none,
T003854,0,none,
T003855,0,none,
T003856,0,none,
T003857,0,none,
T003858,0,none,
T003859,0,none,
T003860,0,none,
T003861,0,none,
T003862,0,none,
T003863,0,none,
T003864,0,none,
T003865,0,none,
T003866,0,none,
T003867,0,none,
T003868,0,none,
T003869,0,none,
T003870,0,none,
T003871,0,none,
T003872,0,none,
T003873,0,none,
T003874,0,none,
T003875,0,none,
T003876,0,none,
T003877,0,none,
T003878,0,none,
T003879,0,none,
T003880,0,none,
T003881,1,value_mismatch,final_sale_value (30.72) inconsistent with weight_kg x final_price_per_kg (expected ~253.38)
T003882,0,none,
T003883,0,none,
T003884,0,none,
T003885,0,none,
T003886,0,none,
T003887,0,none,
T003888,0,none,
T003889,0,none,
T003890,0,none,
T003891,0,none,
T003892,0,none,
T003893,0,none,
T003894,0,none,
T003895,0,none,
T003896,0,none,
T003897,1,geo_mismatch,"Coordinates correspond to Meerut but recorded city/state is Bareilly, unusually far for a Collector Drop-off transaction"
T003898,0,none,
T003899,1,weight_outlier_low,Weight implausibly small (0.011 kg) for Other item (was 37.43 kg)
T003900,0,none,
T003901,0,none,
T003902,0,none,
T003903,1,price_outlier_low,Price per kg far below normal synthetic distribution for Cable
T003904,1,price_outlier_low,Price per kg far below normal synthetic distribution for Cable
T003905,0,none,
T003906,0,none,
T003907,0,none,
T003908,0,none,
T003909,0,none,
T003910,0,none,
T003911,1,weight_outlier_low,Weight implausibly small (0.009 kg) for Cable item (was 45.1 kg)
T003912,0,none,
T003913,0,none,
T003914,0,none,
T003915,0,none,
T003916,0,none,
T003917,0,none,
T003918,0,none,
T003919,1,value_mismatch,final_sale_value (4796.45) inconsistent with weight_kg x final_price_per_kg (expected ~937.46)
T003920,0,none,
T003921,0,none,
T003922,0,none,
T003923,0,none,
T003924,0,none,
T003925,0,none,
T003926,0,none,
T003927,0,none,
T003928,0,none,
T003929,0,none,
T003930,0,none,
T003931,0,none,
T003932,0,none,
T003933,0,none,
T003934,0,none,
T003935,1,geo_mismatch,"Coordinates correspond to Jaipur but recorded city/state is Meerut, unusually far for a Collector Drop-off transaction"
T003936,0,none,
T003937,0,none,
T003938,0,none,
T003939,0,none,
T003940,0,none,
T003941,1,price_outlier_high,Price per kg unrealistically high for Cable
T003942,0,none,
T003943,0,none,
T003944,0,none,
T003945,0,none,
T003946,0,none,
T003947,0,none,
T003948,0,none,
T003949,0,none,
T003950,0,none,
T003951,0,none,
T003952,0,none,
T003953,0,none,
T003954,0,none,
T003955,0,none,
T003956,0,none,
T003957,0,none,
T003958,0,none,
T003959,0,none,
T003960,0,none,
T003961,0,none,
T003962,0,none,
T003963,0,none,
T003964,0,none,
T003965,0,none,
T003966,0,none,
T003967,0,none,
T003968,0,none,
T003969,0,none,
T003970,0,none,
T003971,0,none,
T003972,0,none,
T003973,0,none,
T003974,0,none,
T003975,0,none,
T003976,0,none,
T003977,0,none,
T003978,0,none,
T003979,0,none,
T003980,0,none,
T003981,1,price_outlier_high,Price per kg unrealistically high for PCB
T003982,0,none,
T003983,0,none,
T003984,0,none,
T003985,0,none,
T003986,0,none,
T003987,1,price_outlier_low,Price per kg far below normal synthetic distribution for Battery
T003988,0,none,
T003989,1,price_outlier_high,Price per kg unrealistically high for Motor
T003990,0,none,
T003991,0,none,
T003992,0,none,
T003993,0,none,
T003994,0,none,
T003995,0,none,
T003996,0,none,
T003997,0,none,
T003998,0,none,
T003999,0,none,
T004000,0,none,
T004001,0,none,
T004002,1,price_outlier_low,Price per kg far below normal synthetic distribution for CRT
T004003,0,none,
T004004,0,none,
T004005,0,none,
T004006,0,none,
T004007,0,none,
T004008,0,none,
T004009,0,none,
T004010,0,none,
T004011,0,none,
T004012,0,none,
T004013,0,none,
T004014,0,none,
T004015,0,none,
T004016,0,none,
T004017,1,weight_outlier_low,Weight implausibly small (0.034 kg) for Motor item (was 6.53 kg)
T004018,0,none,
T004019,0,none,
T004020,0,none,
T004021,0,none,
T004022,0,none,
T004023,0,none,
T004024,0,none,
T004025,0,none,
T004026,1,price_outlier_low,Price per kg far below normal synthetic distribution for Mixed plastics
T004027,0,none,
T004028,0,none,
T004029,0,none,
T004030,0,none,
T004031,0,none,
T004032,0,none,
T004033,0,none,
T004034,1,value_mismatch,final_sale_value (9648.84) inconsistent with weight_kg x final_price_per_kg (expected ~935.52)
T004035,0,none,
T004036,1,price_outlier_low,Price per kg far below normal synthetic distribution for Motor
T004037,0,none,
T004038,0,none,
T004039,0,none,
T004040,0,none,
T004041,0,none,
T004042,0,none,
T004043,0,none,
T004044,0,none,
T004045,0,none,
T004046,0,none,
T004047,1,geo_mismatch,"Coordinates correspond to Agra but recorded city/state is Delhi, unusually far for a Collector Drop-off transaction"
T004048,0,none,
T004049,0,none,
T004050,0,none,
T004051,0,none,
T004052,0,none,
T004053,0,none,
T004054,0,none,
T004055,0,none,
T004056,0,none,
T004057,0,none,
T004058,1,price_outlier_low,Price per kg far below normal synthetic distribution for Motor
T004059,0,none,
T004060,0,none,
T004061,0,none,
T004062,1,suspicious_combination,Unusually high price for Battery despite Poor/Damaged condition
T004063,0,none,
T004064,0,none,
T004065,0,none,
T004066,0,none,
T004067,1,geo_mismatch,"Coordinates correspond to Noida but recorded city/state is Lucknow, unusually far for a Collector Drop-off transaction"
T004068,0,none,
T004069,0,none,
T004070,0,none,
T004071,0,none,
T004072,0,none,
T004073,0,none,
T004074,0,none,
T004075,0,none,
T004076,0,none,
T004077,0,none,
T004078,0,none,
T004079,0,none,
T004080,0,none,
T004081,0,none,
T004082,0,none,
T004083,0,none,
T004084,0,none,
T004085,1,value_mismatch,final_sale_value (51.68) inconsistent with weight_kg x final_price_per_kg (expected ~278.09)
T004086,0,none,
T004087,0,none,
T004088,0,none,
T004089,0,none,
T004090,0,none,
T004091,0,none,
T004092,0,none,
T004093,0,none,
T004094,0,none,
T004095,0,none,
T004096,0,none,
T004097,0,none,
T004098,0,none,
T004099,0,none,
T004100,0,none,
T004101,0,none,
T004102,0,none,
T004103,0,none,
T004104,0,none,
T004105,0,none,
T004106,0,none,
T004107,0,none,
T004108,0,none,
T004109,1,value_mismatch,final_sale_value (10831.15) inconsistent with weight_kg x final_price_per_kg (expected ~2049.76)
T004110,0,none,
T004111,0,none,
T004112,0,none,
T004113,0,none,
T004114,0,none,
T004115,0,none,
T004116,1,weight_outlier_low,Weight implausibly small (0.013 kg) for Magnet-bearing assembly item (was 1.39 kg)
T004117,0,none,
T004118,0,none,
T004119,0,none,
T004120,0,none,
T004121,0,none,
T004122,0,none,
T004123,0,none,
T004124,0,none,
T004125,0,none,
T004126,0,none,
T004127,0,none,
T004128,0,none,
T004129,0,none,
T004130,0,none,
T004131,0,none,
T004132,0,none,
T004133,0,none,
T004134,1,weight_outlier_low,Weight implausibly small (0.022 kg) for Motor item (was 9.2 kg)
T004135,0,none,
T004136,0,none,
T004137,0,none,
T004138,0,none,
T004139,0,none,
T004140,0,none,
T004141,0,none,
T004142,0,none,
T004143,0,none,
T004144,0,none,
T004145,0,none,
T004146,0,none,
T004147,0,none,
T004148,0,none,
T004149,0,none,
T004150,0,none,
T004151,0,none,
T004152,0,none,
T004153,0,none,
T004154,0,none,
T004155,0,none,
T004156,0,none,
T004157,0,none,
T004158,0,none,
T004159,0,none,
T004160,0,none,
T004161,0,none,
T004162,0,none,
T004163,0,none,
T004164,0,none,
T004165,0,none,
T004166,0,none,
T004167,0,none,
T004168,0,none,
T004169,0,none,
T004170,0,none,
T004171,0,none,
T004172,0,none,
T004173,0,none,
T004174,0,none,
T004175,0,none,
T004176,0,none,
T004177,0,none,
T004178,0,none,
T004179,0,none,
T004180,0,none,
T004181,0,none,
T004182,0,none,
T004183,0,none,
T004184,1,geo_mismatch,"Coordinates correspond to Chennai but recorded city/state is Jaipur, unusually far for a Recycler Pickup transaction"
T004185,0,none,
T004186,0,none,
T004187,0,none,
T004188,0,none,
T004189,0,none,
T004190,0,none,
T004191,0,none,
T004192,0,none,
T004193,0,none,
T004194,0,none,
T004195,0,none,
T004196,0,none,
T004197,0,none,
T004198,0,none,
T004199,0,none,
T004200,0,none,
T004201,0,none,
T004202,0,none,
T004203,0,none,
T004204,0,none,
T004205,0,none,
T004206,1,price_outlier_low,Price per kg far below normal synthetic distribution for Cable
T004207,0,none,
T004208,0,none,
T004209,0,none,
T004210,0,none,
T004211,0,none,
T004212,0,none,
T004213,0,none,
T004214,1,suspicious_combination,Very large weight (150.86 kg) combined with unusually low total value for CRT
T004215,0,none,
T004216,0,none,
T004217,0,none,
T004218,0,none,
T004219,0,none,
T004220,0,none,
T004221,0,none,
T004222,0,none,
T004223,0,none,
T004224,0,none,
T004225,1,weight_outlier_high,Weight implausibly large (384.8 kg) for Motor item (was 19.3 kg)
T004226,0,none,
T004227,0,none,
T004228,1,suspicious_combination,Very large weight (218.22 kg) combined with unusually low total value for Battery
T004229,0,none,
T004230,0,none,
T004231,0,none,
T004232,0,none,
T004233,0,none,
T004234,0,none,
T004235,0,none,
T004236,0,none,
T004237,0,none,
T004238,0,none,
T004239,0,none,
T004240,0,none,
T004241,0,none,
T004242,0,none,
T004243,0,none,
T004244,0,none,
T004245,0,none,
T004246,0,none,
T004247,0,none,
T004248,0,none,
T004249,0,none,
T004250,0,none,
T004251,0,none,
T004252,1,price_outlier_high,Price per kg unrealistically high for Battery
T004253,0,none,
T004254,0,none,
T004255,0,none,
T004256,0,none,
T004257,0,none,
T004258,0,none,
T004259,0,none,
T004260,0,none,
T004261,0,none,
T004262,0,none,
T004263,0,none,
T004264,0,none,
T004265,0,none,
T004266,0,none,
T004267,0,none,
T004268,0,none,
T004269,0,none,
T004270,0,none,
T004271,0,none,
T004272,0,none,
T004273,0,none,
T004274,0,none,
T004275,0,none,
T004276,0,none,
T004277,0,none,
T004278,0,none,
T004279,0,none,
T004280,0,none,
T004281,1,value_mismatch,final_sale_value (45.96) inconsistent with weight_kg x final_price_per_kg (expected ~828.49)
T004282,0,none,
T004283,0,none,
T004284,0,none,
T004285,0,none,
T004286,0,none,
T004287,0,none,
T004288,0,none,
T004289,1,value_mismatch,final_sale_value (32628.54) inconsistent with weight_kg x final_price_per_kg (expected ~3390.44)
T004290,0,none,
T004291,0,none,
T004292,0,none,
T004293,0,none,
T004294,0,none,
T004295,0,none,
T004296,0,none,
T004297,0,none,
T004298,0,none,
T004299,0,none,
T004300,0,none,
T004301,0,none,
T004302,1,weight_outlier_high,Weight implausibly large (584.72 kg) for Mixed plastics item (was 24.17 kg)
T004303,1,weight_outlier_high,Weight implausibly large (769.0 kg) for PCB item (was 16.89 kg)
T004304,1,suspicious_combination,Unusually high price for LCD/display despite Poor/Damaged condition
T004305,0,none,
T004306,0,none,
T004307,0,none,
T004308,1,weight_outlier_low,Weight implausibly small (0.024 kg) for Battery item (was 27.77 kg)
T004309,0,none,
T004310,0,none,
T004311,0,none,
T004312,0,none,
T004313,0,none,
T004314,0,none,
T004315,0,none,
T004316,0,none,
T004317,0,none,
T004318,0,none,
T004319,0,none,
T004320,0,none,
T004321,0,none,
T004322,0,none,
T004323,0,none,
T004324,0,none,
T004325,0,none,
T004326,0,none,
T004327,0,none,
T004328,0,none,
T004329,0,none,
T004330,0,none,
T004331,0,none,
T004332,0,none,
T004333,0,none,
T004334,0,none,
T004335,0,none,
T004336,0,none,
T004337,0,none,
T004338,0,none,
T004339,0,none,
T004340,0,none,
T004341,0,none,
T004342,0,none,
T004343,0,none,
T004344,1,geo_mismatch,"Coordinates correspond to Bareilly but recorded city/state is Hyderabad, unusually far for a Recycler Pickup transaction"
T004345,0,none,
T004346,0,none,
T004347,0,none,
T004348,0,none,
T004349,0,none,
T004350,0,none,
T004351,0,none,
T004352,0,none,
T004353,0,none,
T004354,0,none,
T004355,0,none,
T004356,0,none,
T004357,0,none,
T004358,1,weight_outlier_high,Weight implausibly large (314.67 kg) for PCB item (was 22.25 kg)
T004359,0,none,
T004360,0,none,
T004361,0,none,
T004362,0,none,
T004363,0,none,
T004364,0,none,
T004365,0,none,
T004366,0,none,
T004367,0,none,
T004368,0,none,
T004369,0,none,
T004370,0,none,
T004371,0,none,
T004372,0,none,
T004373,0,none,
T004374,0,none,
T004375,0,none,
T004376,0,none,
T004377,0,none,
T004378,0,none,
T004379,0,none,
T004380,0,none,
T004381,0,none,
T004382,0,none,
T004383,0,none,
T004384,0,none,
T004385,1,price_outlier_high,Price per kg unrealistically high for LCD/display
T004386,0,none,
T004387,0,none,
T004388,0,none,
T004389,0,none,
T004390,0,none,
T004391,0,none,
T004392,0,none,
T004393,0,none,
T004394,0,none,
T004395,0,none,
T004396,0,none,
T004397,0,none,
T004398,0,none,
T004399,0,none,
T004400,0,none,
T004401,0,none,
T004402,0,none,
T004403,0,none,
T004404,0,none,
T004405,0,none,
T004406,0,none,
T004407,0,none,
T004408,0,none,
T004409,0,none,
T004410,0,none,
T004411,0,none,
T004412,0,none,
T004413,0,none,
T004414,0,none,
T004415,0,none,
T004416,0,none,
T004417,0,none,
T004418,0,none,
T004419,0,none,
T004420,0,none,
T004421,0,none,
T004422,0,none,
T004423,0,none,
T004424,0,none,
T004425,1,weight_outlier_high,Weight implausibly large (887.84 kg) for Motor item (was 17.87 kg)
T004426,0,none,
T004427,0,none,
T004428,0,none,
T004429,0,none,
T004430,0,none,
T004431,0,none,
T004432,0,none,
T004433,0,none,
T004434,0,none,
T004435,0,none,
T004436,0,none,
T004437,0,none,
T004438,0,none,
T004439,0,none,
T004440,0,none,
T004441,1,value_mismatch,final_sale_value (2977.29) inconsistent with weight_kg x final_price_per_kg (expected ~370.46)
T004442,0,none,
T004443,0,none,
T004444,0,none,
T004445,0,none,
T004446,0,none,
T004447,0,none,
T004448,0,none,
T004449,0,none,
T004450,0,none,
T004451,0,none,
T004452,0,none,
T004453,0,none,
T004454,0,none,
T004455,0,none,
T004456,0,none,
T004457,0,none,
T004458,0,none,
T004459,0,none,
T004460,0,none,
T004461,0,none,
T004462,0,none,
T004463,0,none,
T004464,0,none,
T004465,0,none,
T004466,0,none,
T004467,0,none,
T004468,0,none,
T004469,1,weight_outlier_high,Weight implausibly large (881.67 kg) for Mixed plastics item (was 55.81 kg)
T004470,0,none,
T004471,0,none,
T004472,0,none,
T004473,0,none,
T004474,0,none,
T004475,0,none,
T004476,0,none,
T004477,0,none,
T004478,0,none,
T004479,1,suspicious_combination,Very large weight (262.69 kg) combined with unusually low total value for LCD/display
T004480,0,none,
T004481,0,none,
T004482,0,none,
T004483,0,none,
T004484,0,none,
T004485,0,none,
T004486,0,none,
T004487,0,none,
T004488,0,none,
T004489,0,none,
T004490,0,none,
T004491,0,none,
T004492,0,none,
T004493,0,none,
T004494,0,none,
T004495,0,none,
T004496,0,none,
T004497,0,none,
T004498,0,none,
T004499,0,none,
T004500,0,none,
T004501,0,none,
T004502,0,none,
T004503,0,none,
T004504,0,none,
T004505,0,none,
T004506,0,none,
T004507,0,none,
T004508,0,none,
T004509,0,none,
T004510,0,none,
T004511,0,none,
T004512,0,none,
T004513,0,none,
T004514,1,weight_outlier_high,Weight implausibly large (512.17 kg) for Other item (was 5.15 kg)
T004515,0,none,
T004516,0,none,
T004517,0,none,
T004518,0,none,
T004519,0,none,
T004520,0,none,
T004521,0,none,
T004522,0,none,
T004523,0,none,
T004524,0,none,
T004525,0,none,
T004526,0,none,
T004527,0,none,
T004528,0,none,
T004529,0,none,
T004530,0,none,
T004531,0,none,
T004532,0,none,
T004533,0,none,
T004534,0,none,
T004535,0,none,
T004536,0,none,
T004537,0,none,
T004538,0,none,
T004539,0,none,
T004540,0,none,
T004541,0,none,
T004542,0,none,
T004543,0,none,
T004544,0,none,
T004545,0,none,
T004546,0,none,
T004547,0,none,
T004548,0,none,
T004549,0,none,
T004550,0,none,
T004551,0,none,
T004552,0,none,
T004553,0,none,
T004554,1,price_outlier_low,Price per kg far below normal synthetic distribution for Magnet-bearing assembly
T004555,0,none,
T004556,0,none,
T004557,0,none,
T004558,0,none,
T004559,0,none,
T004560,0,none,
T004561,0,none,
T004562,0,none,
T004563,0,none,
T004564,0,none,
T004565,0,none,
T004566,0,none,
T004567,0,none,
T004568,0,none,
T004569,0,none,
T004570,0,none,
T004571,0,none,
T004572,0,none,
T004573,0,none,
T004574,0,none,
T004575,0,none,
T004576,0,none,
T004577,0,none,
T004578,0,none,
T004579,0,none,
T004580,0,none,
T004581,0,none,
T004582,0,none,
T004583,0,none,
T004584,0,none,
T004585,0,none,
T004586,0,none,
T004587,0,none,
T004588,0,none,
T004589,0,none,
T004590,0,none,
T004591,0,none,
T004592,0,none,
T004593,0,none,
T004594,0,none,
T004595,0,none,
T004596,0,none,
T004597,0,none,
T004598,0,none,
T004599,0,none,
T004600,0,none,
T004601,0,none,
T004602,0,none,
T004603,0,none,
T004604,0,none,
T004605,0,none,
T004606,0,none,
T004607,0,none,
T004608,0,none,
T004609,0,none,
T004610,0,none,
T004611,0,none,
T004612,0,none,
T004613,0,none,
T004614,0,none,
T004615,0,none,
T004616,1,geo_mismatch,"Coordinates correspond to Bengaluru but recorded city/state is Hyderabad, unusually far for a Recycler Pickup transaction"
T004617,0,none,
T004618,0,none,
T004619,0,none,
T004620,0,none,
T004621,0,none,
T004622,0,none,
T004623,0,none,
T004624,0,none,
T004625,0,none,
T004626,0,none,
T004627,0,none,
T004628,0,none,
T004629,0,none,
T004630,0,none,
T004631,0,none,
T004632,1,weight_outlier_low,Weight implausibly small (0.036 kg) for LCD/display item (was 7.04 kg)
T004633,0,none,
T004634,0,none,
T004635,0,none,
T004636,0,none,
T004637,0,none,
T004638,0,none,
T004639,0,none,
T004640,0,none,
T004641,0,none,
T004642,0,none,
T004643,0,none,
T004644,0,none,
T004645,0,none,
T004646,0,none,
T004647,0,none,
T004648,0,none,
T004649,0,none,
T004650,1,price_outlier_high,Price per kg unrealistically high for PCB
T004651,0,none,
T004652,0,none,
T004653,0,none,
T004654,0,none,
T004655,0,none,
T004656,0,none,
T004657,0,none,
T004658,1,price_outlier_low,Price per kg far below normal synthetic distribution for PCB
T004659,0,none,
T004660,0,none,
T004661,0,none,
T004662,0,none,
T004663,0,none,
T004664,0,none,
T004665,0,none,
T004666,1,price_outlier_low,Price per kg far below normal synthetic distribution for Mixed plastics
T004667,0,none,
T004668,0,none,
T004669,0,none,
T004670,0,none,
T004671,0,none,
T004672,0,none,
T004673,1,weight_outlier_high,Weight implausibly large (515.93 kg) for Magnet-bearing assembly item (was 3.58 kg)
T004674,0,none,
T004675,0,none,
T004676,0,none,
T004677,0,none,
T004678,0,none,
T004679,0,none,
T004680,0,none,
T004681,0,none,
T004682,0,none,
T004683,0,none,
T004684,0,none,
T004685,0,none,
T004686,0,none,
T004687,1,value_mismatch,final_sale_value (10375.98) inconsistent with weight_kg x final_price_per_kg (expected ~1599.83)
T004688,0,none,
T004689,0,none,
T004690,0,none,
T004691,0,none,
T004692,0,none,
T004693,0,none,
T004694,0,none,
T004695,0,none,
T004696,0,none,
T004697,0,none,
T004698,0,none,
T004699,0,none,
T004700,0,none,
T004701,0,none,
T004702,0,none,
T004703,0,none,
T004704,0,none,
T004705,0,none,
T004706,0,none,
T004707,0,none,
T004708,0,none,
T004709,0,none,
T004710,0,none,
T004711,0,none,
T004712,0,none,
T004713,0,none,
T004714,0,none,
T004715,0,none,
T004716,0,none,
T004717,1,geo_mismatch,"Coordinates correspond to Chandigarh but recorded city/state is Agra, unusually far for a Collector Drop-off transaction"
T004718,0,none,
T004719,0,none,
T004720,0,none,
T004721,0,none,
T004722,0,none,
T004723,0,none,
T004724,0,none,
T004725,1,weight_outlier_high,Weight implausibly large (890.68 kg) for Cable item (was 17.29 kg)
T004726,0,none,
T004727,0,none,
T004728,0,none,
T004729,0,none,
T004730,0,none,
T004731,0,none,
T004732,0,none,
T004733,1,suspicious_combination,Unusually high price for Cable despite Poor/Damaged condition
T004734,0,none,
T004735,0,none,
T004736,0,none,
T004737,0,none,
T004738,0,none,
T004739,0,none,
T004740,1,value_mismatch,final_sale_value (38035.91) inconsistent with weight_kg x final_price_per_kg (expected ~5858.83)
T004741,1,weight_outlier_high,Weight implausibly large (342.33 kg) for Magnet-bearing assembly item (was 7.39 kg)
T004742,0,none,
T004743,0,none,
T004744,0,none,
T004745,0,none,
T004746,0,none,
T004747,0,none,
T004748,0,none,
T004749,0,none,
T004750,0,none,
T004751,0,none,
T004752,0,none,
T004753,0,none,
T004754,0,none,
T004755,0,none,
T004756,0,none,
T004757,0,none,
T004758,0,none,
T004759,0,none,
T004760,0,none,
T004761,0,none,
T004762,0,none,
T004763,0,none,
T004764,0,none,
T004765,0,none,
T004766,0,none,
T004767,0,none,
T004768,0,none,
T004769,0,none,
T004770,0,none,
T004771,0,none,
T004772,0,none,
T004773,0,none,
T004774,0,none,
T004775,0,none,
T004776,0,none,
T004777,0,none,
T004778,0,none,
T004779,0,none,
T004780,0,none,
T004781,0,none,
T004782,0,none,
T004783,0,none,
T004784,0,none,
T004785,0,none,
T004786,0,none,
T004787,0,none,
T004788,1,price_outlier_low,Price per kg far below normal synthetic distribution for Motor
T004789,0,none,
T004790,0,none,
T004791,0,none,
T004792,0,none,
T004793,0,none,
T004794,0,none,
T004795,0,none,
T004796,0,none,
T004797,0,none,
T004798,0,none,
T004799,0,none,
T004800,1,weight_outlier_high,Weight implausibly large (467.51 kg) for PCB item (was 2.03 kg)
T004801,0,none,
T004802,0,none,
T004803,0,none,
T004804,0,none,
T004805,0,none,
T004806,0,none,
T004807,1,value_mismatch,final_sale_value (9996.33) inconsistent with weight_kg x final_price_per_kg (expected ~1293.56)
T004808,0,none,
T004809,0,none,
T004810,0,none,
T004811,0,none,
T004812,0,none,
T004813,0,none,
T004814,0,none,
T004815,0,none,
T004816,0,none,
T004817,0,none,
T004818,0,none,
T004819,0,none,
T004820,0,none,
T004821,0,none,
T004822,0,none,
T004823,0,none,
T004824,0,none,
T004825,0,none,
T004826,0,none,
T004827,0,none,
T004828,0,none,
T004829,0,none,
T004830,1,value_mismatch,final_sale_value (5.99) inconsistent with weight_kg x final_price_per_kg (expected ~117.34)
T004831,1,value_mismatch,final_sale_value (8867.54) inconsistent with weight_kg x final_price_per_kg (expected ~1115.34)
T004832,0,none,
T004833,0,none,
T004834,0,none,
T004835,1,price_outlier_low,Price per kg far below normal synthetic distribution for Cable
T004836,0,none,
T004837,0,none,
T004838,0,none,
T004839,0,none,
T004840,0,none,
T004841,0,none,
T004842,0,none,
T004843,0,none,
T004844,0,none,
T004845,0,none,
T004846,0,none,
T004847,0,none,
T004848,0,none,
T004849,0,none,
T004850,0,none,
T004851,0,none,
T004852,0,none,
T004853,0,none,
T004854,0,none,
T004855,0,none,
T004856,0,none,
T004857,0,none,
T004858,0,none,
T004859,0,none,
T004860,0,none,
T004861,0,none,
T004862,0,none,
T004863,0,none,
T004864,0,none,
T004865,1,price_outlier_low,Price per kg far below normal synthetic distribution for Cable
T004866,0,none,
T004867,0,none,
T004868,0,none,
T004869,0,none,
T004870,0,none,
T004871,0,none,
T004872,0,none,
T004873,0,none,
T004874,0,none,
T004875,0,none,
T004876,1,value_mismatch,final_sale_value (307.44) inconsistent with weight_kg x final_price_per_kg (expected ~1860.26)
T004877,0,none,
T004878,0,none,
T004879,0,none,
T004880,0,none,
T004881,0,none,
T004882,0,none,
T004883,0,none,
T004884,0,none,
T004885,0,none,
T004886,0,none,
T004887,0,none,
T004888,0,none,
T004889,0,none,
T004890,0,none,
T004891,0,none,
T004892,0,none,
T004893,0,none,
T004894,0,none,
T004895,0,none,
T004896,0,none,
T004897,0,none,
T004898,0,none,
T004899,0,none,
T004900,0,none,
T004901,0,none,
T004902,0,none,
T004903,1,weight_outlier_low,Weight implausibly small (0.021 kg) for Battery item (was 2.41 kg)
T004904,0,none,
T004905,0,none,
T004906,0,none,
T004907,0,none,
T004908,0,none,
T004909,0,none,
T004910,0,none,
T004911,0,none,
T004912,0,none,
T004913,0,none,
T004914,0,none,
T004915,0,none,
T004916,0,none,
T004917,0,none,
T004918,0,none,
T004919,0,none,
T004920,0,none,
T004921,1,geo_mismatch,"Coordinates correspond to Jaipur but recorded city/state is Noida, unusually far for a Collector Drop-off transaction"
T004922,0,none,
T004923,0,none,
T004924,0,none,
T004925,0,none,
T004926,0,none,
T004927,1,weight_outlier_high,Weight implausibly large (786.13 kg) for Cable item (was 48.3 kg)
T004928,0,none,
T004929,0,none,
T004930,0,none,
T004931,0,none,
T004932,0,none,
T004933,0,none,
T004934,0,none,
T004935,1,value_mismatch,final_sale_value (10328.26) inconsistent with weight_kg x final_price_per_kg (expected ~1432.78)
T004936,1,price_outlier_high,Price per kg unrealistically high for LCD/display
T004937,0,none,
T004938,0,none,
T004939,0,none,
T004940,0,none,
T004941,0,none,
T004942,0,none,
T004943,0,none,
T004944,0,none,
T004945,0,none,
T004946,0,none,
T004947,0,none,
T004948,0,none,
T004949,0,none,
T004950,0,none,
T004951,0,none,
T004952,0,none,
T004953,0,none,
T004954,0,none,
T004955,0,none,
T004956,0,none,
T004957,0,none,
T004958,0,none,
T004959,0,none,
T004960,0,none,
T004961,0,none,
T004962,0,none,
T004963,0,none,
T004964,0,none,
T004965,0,none,
T004966,0,none,
T004967,0,none,
T004968,0,none,
T004969,0,none,
T004970,1,geo_mismatch,"Coordinates correspond to Pune but recorded city/state is Lucknow, unusually far for a Recycler Pickup transaction"
T004971,0,none,
T004972,0,none,
T004973,0,none,
T004974,1,suspicious_combination,Very large weight (287.64 kg) combined with unusually low total value for Battery
T004975,0,none,
T004976,0,none,
T004977,0,none,
T004978,0,none,
T004979,0,none,
T004980,0,none,
T004981,0,none,
T004982,0,none,
T004983,0,none,
T004984,0,none,
T004985,0,none,
T004986,0,none,
T004987,0,none,
T004988,0,none,
T004989,0,none,
T004990,0,none,
T004991,0,none,
T004992,0,none,
T004993,0,none,
T004994,0,none,
T004995,0,none,
T004996,0,none,
T004997,0,none,
T004998,0,none,
T004999,0,none,
T005000,0,none,
T005001,0,none,
T005002,0,none,
T005003,0,none,
T005004,0,none,
T005005,0,none,
T005006,0,none,
T005007,0,none,
T005008,0,none,
T005009,0,none,
T005010,1,value_mismatch,final_sale_value (246.75) inconsistent with weight_kg x final_price_per_kg (expected ~1581.72)
T005011,1,value_mismatch,final_sale_value (92.47) inconsistent with weight_kg x final_price_per_kg (expected ~1666.07)
T005012,0,none,
T005013,0,none,
T005014,0,none,
T005015,1,price_outlier_low,Price per kg far below normal synthetic distribution for Other
T005016,0,none,
T005017,0,none,
T005018,0,none,
T005019,0,none,
T005020,0,none,
T005021,0,none,
T005022,0,none,
T005023,1,price_outlier_high,Price per kg unrealistically high for Battery
T005024,0,none,
T005025,0,none,
T005026,0,none,
T005027,0,none,
T005028,0,none,
T005029,0,none,
T005030,0,none,
T005031,0,none,
T005032,0,none,
T005033,0,none,
T005034,1,suspicious_combination,Very large weight (294.6 kg) combined with unusually low total value for PCB
T005035,0,none,
T005036,0,none,
T005037,0,none,
T005038,0,none,
T005039,0,none,
T005040,0,none,
T005041,0,none,
T005042,0,none,
T005043,0,none,
T005044,0,none,
T005045,0,none,
T005046,0,none,
T005047,0,none,
T005048,0,none,
T005049,0,none,
T005050,0,none,
T005051,1,suspicious_combination,Very large weight (168.94 kg) combined with unusually low total value for Magnet-bearing assembly
T005052,0,none,
T005053,0,none,
T005054,0,none,
T005055,0,none,
T005056,0,none,
T005057,0,none,
T005058,0,none,
T005059,0,none,
T005060,0,none,
T005061,0,none,
T005062,0,none,
T005063,0,none,
T005064,0,none,
T005065,0,none,
T005066,0,none,
T005067,0,none,
T005068,0,none,
T005069,0,none,
T005070,0,none,
T005071,0,none,
T005072,0,none,
T005073,0,none,
T005074,1,value_mismatch,final_sale_value (3612.52) inconsistent with weight_kg x final_price_per_kg (expected ~533.44)
T005075,1,weight_outlier_low,Weight implausibly small (0.025 kg) for Cable item (was 19.74 kg)
T005076,0,none,
T005077,1,price_outlier_low,Price per kg far below normal synthetic distribution for Cable
T005078,0,none,
T005079,0,none,
T005080,0,none,
T005081,0,none,
T005082,0,none,
T005083,0,none,
T005084,0,none,
T005085,0,none,
T005086,0,none,
T005087,0,none,
T005088,0,none,
T005089,0,none,
T005090,0,none,
T005091,0,none,
T005092,0,none,
T005093,0,none,
T005094,0,none,
T005095,0,none,
T005096,0,none,
T005097,0,none,
T005098,0,none,
T005099,0,none,
T005100,0,none,
T005101,0,none,
T005102,0,none,
T005103,0,none,
T005104,0,none,
T005105,0,none,
T005106,0,none,
T005107,0,none,
T005108,0,none,
T005109,0,none,
T005110,0,none,
T005111,0,none,
T005112,1,price_outlier_low,Price per kg far below normal synthetic distribution for PCB
T005113,0,none,
T005114,0,none,
T005115,0,none,
T005116,0,none,
T005117,0,none,
T005118,0,none,
T005119,0,none,
T005120,0,none,
T005121,1,price_outlier_low,Price per kg far below normal synthetic distribution for Mixed plastics
T005122,0,none,
T005123,0,none,
T005124,0,none,
T005125,0,none,
T005126,0,none,
T005127,0,none,
T005128,0,none,
T005129,0,none,
T005130,1,weight_outlier_low,Weight implausibly small (0.009 kg) for Motor item (was 5.04 kg)
T005131,0,none,
T005132,0,none,
T005133,0,none,
T005134,0,none,
T005135,1,weight_outlier_high,Weight implausibly large (367.99 kg) for Cable item (was 16.73 kg)
T005136,0,none,
T005137,0,none,
T005138,0,none,
T005139,0,none,
T005140,0,none,
T005141,0,none,
T005142,0,none,
T005143,0,none,
T005144,0,none,
T005145,0,none,
T005146,0,none,
T005147,0,none,
T005148,0,none,
T005149,0,none,
T005150,0,none,
T005151,0,none,
T005152,0,none,
T005153,0,none,
T005154,0,none,
T005155,0,none,
T005156,0,none,
T005157,0,none,
T005158,0,none,
T005159,0,none,
T005160,0,none,
T005161,0,none,
T005162,1,price_outlier_low,Price per kg far below normal synthetic distribution for Mixed plastics
T005163,0,none,
T005164,0,none,
T005165,0,none,
T005166,0,none,
T005167,1,price_outlier_low,Price per kg far below normal synthetic distribution for Cable
T005168,0,none,
T005169,0,none,
T005170,0,none,
T005171,0,none,
T005172,0,none,
T005173,0,none,
T005174,0,none,
T005175,0,none,
T005176,0,none,
T005177,0,none,
T005178,1,value_mismatch,final_sale_value (102.59) inconsistent with weight_kg x final_price_per_kg (expected ~682.41)
T005179,0,none,
T005180,0,none,
T005181,0,none,
T005182,0,none,
T005183,0,none,
T005184,0,none,
T005185,0,none,
T005186,0,none,
T005187,0,none,
T005188,0,none,
T005189,0,none,
T005190,0,none,
T005191,0,none,
T005192,1,price_outlier_low,Price per kg far below normal synthetic distribution for Motor
T005193,0,none,
T005194,1,price_outlier_low,Price per kg far below normal synthetic distribution for CRT
T005195,0,none,
T005196,0,none,
T005197,0,none,
T005198,0,none,
T005199,0,none,
T005200,0,none,
T005201,0,none,
T005202,1,price_outlier_low,Price per kg far below normal synthetic distribution for LCD/display
T005203,0,none,
T005204,0,none,
T005205,0,none,
T005206,0,none,
T005207,0,none,
T005208,0,none,
T005209,0,none,
T005210,0,none,
T005211,0,none,
T005212,0,none,
T005213,0,none,
T005214,0,none,
T005215,0,none,
T005216,0,none,
T005217,0,none,
T005218,0,none,
T005219,0,none,
T005220,0,none,
T005221,1,weight_outlier_high,Weight implausibly large (794.4 kg) for Cable item (was 66.62 kg)
T005222,0,none,
T005223,0,none,
T005224,0,none,
T005225,0,none,
T005226,0,none,
T005227,0,none,
T005228,0,none,
T005229,0,none,
T005230,0,none,
T005231,0,none,
T005232,0,none,
T005233,0,none,
T005234,0,none,
T005235,0,none,
T005236,0,none,
T005237,0,none,
T005238,0,none,
T005239,0,none,
T005240,0,none,
T005241,0,none,
T005242,0,none,
T005243,0,none,
T005244,0,none,
T005245,0,none,
T005246,0,none,
T005247,0,none,
T005248,0,none,
T005249,0,none,
T005250,0,none,
T005251,0,none,
T005252,0,none,
T005253,0,none,
T005254,0,none,
T005255,0,none,
T005256,0,none,
T005257,0,none,
T005258,0,none,
T005259,0,none,
T005260,0,none,
T005261,0,none,
T005262,0,none,
T005263,0,none,
T005264,0,none,
T005265,0,none,
T005266,0,none,
T005267,1,suspicious_combination,Unusually high price for LCD/display despite Poor/Damaged condition
T005268,0,none,
T005269,0,none,
T005270,1,suspicious_combination,Very large weight (206.42 kg) combined with unusually low total value for PCB
T005271,0,none,
T005272,0,none,
T005273,0,none,
T005274,0,none,
T005275,0,none,
T005276,0,none,
T005277,0,none,
T005278,0,none,
T005279,0,none,
T005280,0,none,
T005281,0,none,
T005282,0,none,
T005283,0,none,
T005284,0,none,
T005285,0,none,
T005286,1,price_outlier_low,Price per kg far below normal synthetic distribution for Battery
T005287,0,none,
T005288,0,none,
T005289,0,none,
T005290,0,none,
T005291,1,price_outlier_low,Price per kg far below normal synthetic distribution for Mixed plastics
T005292,0,none,
T005293,0,none,
T005294,0,none,
T005295,0,none,
T005296,0,none,
T005297,0,none,
T005298,0,none,
T005299,0,none,
T005300,0,none,
T005301,0,none,
T005302,0,none,
T005303,0,none,
T005304,0,none,
T005305,0,none,
T005306,1,value_mismatch,final_sale_value (50.76) inconsistent with weight_kg x final_price_per_kg (expected ~622.83)
T005307,0,none,
T005308,1,geo_mismatch,"Coordinates correspond to Bareilly but recorded city/state is Pune, unusually far for a Recycler Pickup transaction"
T005309,0,none,
T005310,0,none,
T005311,0,none,
T005312,0,none,
T005313,1,geo_mismatch,"Coordinates correspond to Agra but recorded city/state is Bengaluru, unusually far for a Recycler Pickup transaction"
T005314,0,none,
T005315,0,none,
T005316,1,price_outlier_high,Price per kg unrealistically high for Other
T005317,0,none,
T005318,0,none,
T005319,0,none,
T005320,0,none,
T005321,0,none,
T005322,0,none,
T005323,0,none,
T005324,1,weight_outlier_low,Weight implausibly small (0.013 kg) for PCB item (was 7.37 kg)
T005325,0,none,
T005326,1,value_mismatch,final_sale_value (355.95) inconsistent with weight_kg x final_price_per_kg (expected ~2213.58)
T005327,0,none,
T005328,0,none,
T005329,0,none,
T005330,0,none,
T005331,1,price_outlier_high,Price per kg unrealistically high for Other
T005332,0,none,
T005333,0,none,
T005334,0,none,
T005335,0,none,
T005336,0,none,
T005337,0,none,
T005338,0,none,
T005339,0,none,
T005340,0,none,
T005341,0,none,
T005342,0,none,
T005343,0,none,
T005344,0,none,
T005345,0,none,
T005346,0,none,
T005347,1,geo_mismatch,"Coordinates correspond to Ahmedabad but recorded city/state is Bengaluru, unusually far for a Recycler Pickup transaction"
T005348,0,none,
T005349,0,none,
T005350,0,none,
T005351,0,none,
T005352,0,none,
T005353,0,none,
T005354,0,none,
T005355,0,none,
T005356,0,none,
T005357,0,none,
T005358,0,none,
T005359,0,none,
T005360,1,price_outlier_high,Price per kg unrealistically high for CRT
T005361,0,none,
T005362,0,none,
T005363,0,none,
T005364,0,none,
T005365,0,none,
T005366,0,none,
T005367,0,none,
T005368,0,none,
T005369,1,price_outlier_low,Price per kg far below normal synthetic distribution for Mixed plastics
T005370,0,none,
T005371,0,none,
T005372,0,none,
T005373,0,none,
T005374,0,none,
T005375,0,none,
T005376,0,none,
T005377,0,none,
T005378,0,none,
T005379,0,none,
T005380,0,none,
T005381,0,none,
T005382,0,none,
T005383,0,none,
T005384,0,none,
T005385,0,none,
T005386,0,none,
T005387,0,none,
T005388,0,none,
T005389,0,none,
T005390,0,none,
T005391,0,none,
T005392,0,none,
T005393,0,none,
T005394,0,none,
T005395,0,none,
T005396,0,none,
T005397,0,none,
T005398,0,none,
T005399,0,none,
T005400,0,none,
T005401,0,none,
T005402,0,none,
T005403,0,none,
T005404,0,none,
T005405,0,none,
T005406,0,none,
T005407,0,none,
T005408,0,none,
T005409,0,none,
T005410,0,none,
T005411,0,none,
T005412,0,none,
T005413,0,none,
T005414,0,none,
T005415,0,none,
T005416,0,none,
T005417,0,none,
T005418,0,none,
T005419,0,none,
T005420,0,none,
T005421,0,none,
T005422,0,none,
T005423,0,none,
T005424,0,none,
T005425,0,none,
T005426,0,none,
T005427,0,none,
T005428,0,none,
T005429,0,none,
T005430,0,none,
T005431,0,none,
T005432,0,none,
T005433,0,none,
T005434,0,none,
T005435,0,none,
T005436,0,none,
T005437,0,none,
T005438,0,none,
T005439,0,none,
T005440,0,none,
T005441,0,none,
T005442,0,none,
T005443,0,none,
T005444,0,none,
T005445,0,none,
T005446,0,none,
T005447,0,none,
T005448,0,none,
T005449,0,none,
T005450,0,none,
T005451,1,suspicious_combination,Unusually high price for PCB despite Poor/Damaged condition
T005452,0,none,
T005453,0,none,
T005454,1,price_outlier_high,Price per kg unrealistically high for PCB
T005455,1,geo_mismatch,"Coordinates correspond to Ghaziabad but recorded city/state is Mumbai, unusually far for a Recycler Pickup transaction"
T005456,0,none,
T005457,0,none,
T005458,0,none,
T005459,0,none,
T005460,0,none,
T005461,0,none,
T005462,1,geo_mismatch,"Coordinates correspond to Agra but recorded city/state is Mumbai, unusually far for a Collector Drop-off transaction"
T005463,0,none,
T005464,0,none,
T005465,0,none,
T005466,0,none,
T005467,0,none,
T005468,0,none,
T005469,0,none,
T005470,0,none,
T005471,0,none,
T005472,0,none,
T005473,0,none,
T005474,1,price_outlier_high,Price per kg unrealistically high for Other
T005475,0,none,
T005476,0,none,
T005477,0,none,
T005478,0,none,
T005479,0,none,
T005480,0,none,
T005481,0,none,
T005482,0,none,
T005483,0,none,
T005484,0,none,
T005485,0,none,
T005486,0,none,
T005487,1,price_outlier_high,Price per kg unrealistically high for CRT
T005488,0,none,
T005489,0,none,
T005490,0,none,
T005491,0,none,
T005492,0,none,
T005493,0,none,
T005494,1,geo_mismatch,"Coordinates correspond to Chandigarh but recorded city/state is Bengaluru, unusually far for a Recycler Pickup transaction"
T005495,0,none,
T005496,0,none,
T005497,0,none,
T005498,0,none,
T005499,0,none,
T005500,1,price_outlier_low,Price per kg far below normal synthetic distribution for LCD/display
T005501,0,none,
T005502,0,none,
T005503,0,none,
T005504,0,none,
T005505,0,none,
T005506,0,none,
T005507,0,none,
T005508,0,none,
T005509,0,none,
T005510,0,none,
T005511,0,none,
T005512,0,none,
T005513,0,none,
T005514,0,none,
T005515,0,none,
T005516,0,none,
T005517,0,none,
T005518,0,none,
T005519,0,none,
T005520,0,none,
T005521,0,none,
T005522,0,none,
T005523,0,none,
T005524,0,none,
T005525,0,none,
T005526,0,none,
T005527,0,none,
T005528,0,none,
T005529,0,none,
T005530,0,none,
T005531,0,none,
T005532,0,none,
T005533,1,price_outlier_low,Price per kg far below normal synthetic distribution for Battery
T005534,1,price_outlier_low,Price per kg far below normal synthetic distribution for PCB
T005535,0,none,
T005536,0,none,
T005537,0,none,
T005538,0,none,
T005539,0,none,
T005540,0,none,
T005541,0,none,
T005542,0,none,
T005543,1,price_outlier_low,Price per kg far below normal synthetic distribution for CRT
T005544,0,none,
T005545,1,price_outlier_low,Price per kg far below normal synthetic distribution for Cable
T005546,0,none,
T005547,0,none,
T005548,1,suspicious_combination,Very large weight (173.74 kg) combined with unusually low total value for Cable
T005549,0,none,
T005550,0,none,
T005551,0,none,
T005552,0,none,
T005553,0,none,
T005554,0,none,
T005555,0,none,
T005556,0,none,
T005557,0,none,
T005558,1,price_outlier_high,Price per kg unrealistically high for Other
T005559,0,none,
T005560,0,none,
T005561,0,none,
T005562,0,none,
T005563,0,none,
T005564,0,none,
T005565,0,none,
T005566,1,geo_mismatch,"Coordinates correspond to Mumbai but recorded city/state is Meerut, unusually far for a Collector Drop-off transaction"
T005567,0,none,
T005568,0,none,
T005569,0,none,
T005570,0,none,
T005571,0,none,
T005572,0,none,
T005573,0,none,
T005574,0,none,
T005575,0,none,
T005576,0,none,
T005577,0,none,
T005578,0,none,
T005579,0,none,
T005580,0,none,
T005581,0,none,
T005582,1,price_outlier_low,Price per kg far below normal synthetic distribution for Magnet-bearing assembly
T005583,1,geo_mismatch,"Coordinates correspond to Kolkata but recorded city/state is Bareilly, unusually far for a Recycler Pickup transaction"
T005584,0,none,
T005585,0,none,
T005586,0,none,
T005587,0,none,
T005588,0,none,
T005589,0,none,
T005590,0,none,
T005591,0,none,
T005592,0,none,
T005593,0,none,
T005594,0,none,
T005595,0,none,
T005596,1,price_outlier_low,Price per kg far below normal synthetic distribution for Magnet-bearing assembly
T005597,0,none,
T005598,0,none,
T005599,0,none,
T005600,0,none,
T005601,0,none,
T005602,0,none,
T005603,0,none,
T005604,0,none,
T005605,0,none,
T005606,0,none,
T005607,0,none,
T005608,0,none,
T005609,0,none,
T005610,0,none,
T005611,0,none,
T005612,1,price_outlier_low,Price per kg far below normal synthetic distribution for Other
T005613,0,none,
T005614,0,none,
T005615,1,suspicious_combination,Unusually high price for Other despite Poor/Damaged condition
T005616,0,none,
T005617,0,none,
T005618,0,none,
T005619,0,none,
T005620,0,none,
T005621,1,geo_mismatch,"Coordinates correspond to Ahmedabad but recorded city/state is Delhi, unusually far for a Collector Drop-off transaction"
T005622,0,none,
T005623,0,none,
T005624,0,none,
T005625,0,none,
T005626,0,none,
T005627,0,none,
T005628,0,none,
T005629,0,none,
T005630,0,none,
T005631,0,none,
T005632,0,none,
T005633,0,none,
T005634,0,none,
T005635,0,none,
T005636,0,none,
T005637,0,none,
T005638,0,none,
T005639,0,none,
T005640,0,none,
T005641,1,weight_outlier_high,Weight implausibly large (515.51 kg) for PCB item (was 11.91 kg)
T005642,0,none,
T005643,0,none,
T005644,1,price_outlier_low,Price per kg far below normal synthetic distribution for CRT
T005645,0,none,
T005646,0,none,
T005647,0,none,
T005648,0,none,
T005649,0,none,
T005650,0,none,
T005651,0,none,
T005652,0,none,
T005653,0,none,
T005654,0,none,
T005655,0,none,
T005656,0,none,
T005657,0,none,
T005658,0,none,
T005659,0,none,
T005660,0,none,
T005661,1,geo_mismatch,"Coordinates correspond to Agra but recorded city/state is Bareilly, unusually far for a Recycler Pickup transaction"
T005662,0,none,
T005663,0,none,
T005664,0,none,
T005665,1,price_outlier_low,Price per kg far below normal synthetic distribution for Motor
T005666,0,none,
T005667,0,none,
T005668,0,none,
T005669,0,none,
T005670,0,none,
T005671,0,none,
T005672,0,none,
T005673,0,none,
T005674,0,none,
T005675,0,none,
T005676,0,none,
T005677,0,none,
T005678,0,none,
T005679,0,none,
T005680,0,none,
T005681,0,none,
T005682,0,none,
T005683,0,none,
T005684,0,none,
T005685,0,none,
T005686,0,none,
T005687,0,none,
T005688,1,price_outlier_high,Price per kg unrealistically high for CRT
T005689,0,none,
T005690,0,none,
T005691,0,none,
T005692,0,none,
T005693,0,none,
T005694,0,none,
T005695,0,none,
T005696,0,none,
T005697,0,none,
T005698,0,none,
T005699,0,none,
T005700,0,none,
T005701,0,none,
T005702,0,none,
T005703,0,none,
T005704,0,none,
T005705,0,none,
T005706,0,none,
T005707,0,none,
T005708,0,none,
T005709,0,none,
T005710,0,none,
T005711,0,none,
T005712,0,none,
T005713,0,none,
T005714,0,none,
T005715,0,none,
T005716,0,none,
T005717,0,none,
T005718,0,none,
T005719,0,none,
T005720,0,none,
T005721,0,none,
T005722,0,none,
T005723,0,none,
T005724,0,none,
T005725,0,none,
T005726,0,none,
T005727,0,none,
T005728,0,none,
T005729,0,none,
T005730,0,none,
T005731,0,none,
T005732,0,none,
T005733,1,price_outlier_low,Price per kg far below normal synthetic distribution for Motor
T005734,0,none,
T005735,0,none,
T005736,0,none,
T005737,0,none,
T005738,0,none,
T005739,0,none,
T005740,0,none,
T005741,0,none,
T005742,0,none,
T005743,0,none,
T005744,0,none,
T005745,0,none,
T005746,0,none,
T005747,0,none,
T005748,0,none,
T005749,0,none,
T005750,0,none,
T005751,0,none,
T005752,0,none,
T005753,1,price_outlier_low,Price per kg far below normal synthetic distribution for Motor
T005754,0,none,
T005755,0,none,
T005756,0,none,
T005757,0,none,
T005758,0,none,
T005759,0,none,
T005760,0,none,
T005761,0,none,
T005762,0,none,
T005763,0,none,
T005764,0,none,
T005765,1,weight_outlier_high,Weight implausibly large (310.67 kg) for Mixed plastics item (was 12.8 kg)
T005766,0,none,
T005767,0,none,
T005768,0,none,
T005769,0,none,
T005770,0,none,
T005771,0,none,
T005772,0,none,
T005773,1,price_outlier_low,Price per kg far below normal synthetic distribution for Mixed plastics
T005774,0,none,
T005775,0,none,
T005776,0,none,
T005777,0,none,
T005778,0,none,
T005779,0,none,
T005780,0,none,
T005781,0,none,
T005782,0,none,
T005783,0,none,
T005784,0,none,
T005785,0,none,
T005786,0,none,
T005787,0,none,
T005788,0,none,
T005789,0,none,
T005790,0,none,
T005791,0,none,
T005792,0,none,
T005793,0,none,
T005794,0,none,
T005795,0,none,
T005796,0,none,
T005797,0,none,
T005798,0,none,
T005799,0,none,
T005800,0,none,
T005801,0,none,
T005802,0,none,
T005803,0,none,
T005804,0,none,
T005805,0,none,
T005806,0,none,
T005807,0,none,
T005808,0,none,
T005809,0,none,
T005810,0,none,
T005811,0,none,
T005812,0,none,
T005813,0,none,
T005814,0,none,
T005815,0,none,
T005816,0,none,
T005817,0,none,
T005818,0,none,
T005819,0,none,
T005820,0,none,
T005821,0,none,
T005822,0,none,
T005823,0,none,
T005824,0,none,
T005825,0,none,
T005826,0,none,
T005827,0,none,
T005828,0,none,
T005829,0,none,
T005830,0,none,
T005831,0,none,
T005832,0,none,
T005833,0,none,
T005834,0,none,
T005835,0,none,
T005836,0,none,
T005837,0,none,
T005838,0,none,
T005839,0,none,
T005840,1,price_outlier_high,Price per kg unrealistically high for Cable
T005841,1,weight_outlier_low,Weight implausibly small (0.018 kg) for Magnet-bearing assembly item (was 1.89 kg)
T005842,0,none,
T005843,0,none,
T005844,0,none,
T005845,0,none,
T005846,0,none,
T005847,0,none,
T005848,0,none,
T005849,0,none,
T005850,0,none,
T005851,0,none,
T005852,0,none,
T005853,0,none,
T005854,0,none,
T005855,0,none,
T005856,0,none,
T005857,0,none,
T005858,0,none,
T005859,1,value_mismatch,final_sale_value (2986.3) inconsistent with weight_kg x final_price_per_kg (expected ~342.42)
T005860,0,none,
T005861,0,none,
T005862,0,none,
T005863,0,none,
T005864,0,none,
T005865,1,value_mismatch,final_sale_value (8780.06) inconsistent with weight_kg x final_price_per_kg (expected ~904.68)
T005866,0,none,
T005867,0,none,
T005868,0,none,
T005869,0,none,
T005870,0,none,
T005871,0,none,
T005872,0,none,
T005873,0,none,
T005874,1,price_outlier_high,Price per kg unrealistically high for Battery
T005875,0,none,
T005876,0,none,
T005877,0,none,
T005878,1,geo_mismatch,"Coordinates correspond to Agra but recorded city/state is Jaipur, unusually far for a Collector Drop-off transaction"
T005879,0,none,
T005880,0,none,
T005881,1,suspicious_combination,Very large weight (217.73 kg) combined with unusually low total value for CRT
T005882,0,none,
T005883,1,price_outlier_low,Price per kg far below normal synthetic distribution for Other
T005884,0,none,
T005885,0,none,
T005886,0,none,
T005887,1,price_outlier_low,Price per kg far below normal synthetic distribution for Magnet-bearing assembly
T005888,0,none,
T005889,0,none,
T005890,0,none,
T005891,0,none,
T005892,0,none,
T005893,0,none,
T005894,0,none,
T005895,0,none,
T005896,0,none,
T005897,0,none,
T005898,0,none,
T005899,0,none,
T005900,0,none,
T005901,0,none,
T005902,0,none,
T005903,0,none,
T005904,0,none,
T005905,0,none,
T005906,0,none,
T005907,0,none,
T005908,0,none,
T005909,0,none,
T005910,0,none,
T005911,0,none,
T005912,0,none,
T005913,0,none,
T005914,0,none,
T005915,0,none,
T005916,0,none,
T005917,0,none,
T005918,0,none,
T005919,0,none,
T005920,0,none,
T005921,0,none,
T005922,0,none,
T005923,0,none,
T005924,0,none,
T005925,0,none,
T005926,0,none,
T005927,0,none,
T005928,0,none,
T005929,0,none,
T005930,0,none,
T005931,0,none,
T005932,0,none,
T005933,0,none,
T005934,0,none,
T005935,0,none,
T005936,1,geo_mismatch,"Coordinates correspond to Chennai but recorded city/state is Noida, unusually far for a Collector Drop-off transaction"
T005937,0,none,
T005938,1,geo_mismatch,"Coordinates correspond to Pune but recorded city/state is Meerut, unusually far for a Recycler Pickup transaction"
T005939,0,none,
T005940,0,none,
T005941,0,none,
T005942,0,none,
T005943,0,none,
T005944,0,none,
T005945,0,none,
T005946,0,none,
T005947,0,none,
T005948,0,none,
T005949,0,none,
T005950,0,none,
T005951,0,none,
T005952,0,none,
T005953,0,none,
T005954,0,none,
T005955,0,none,
T005956,0,none,
T005957,0,none,
T005958,0,none,
T005959,0,none,
T005960,0,none,
T005961,0,none,
T005962,1,price_outlier_high,Price per kg unrealistically high for Other
T005963,1,suspicious_combination,Very large weight (215.37 kg) combined with unusually low total value for CRT
T005964,0,none,
T005965,0,none,
T005966,0,none,
T005967,0,none,
T005968,0,none,
T005969,0,none,
T005970,0,none,
T005971,0,none,
T005972,0,none,
T005973,0,none,
T005974,0,none,
T005975,0,none,
T005976,0,none,
T005977,0,none,
T005978,0,none,
T005979,0,none,
T005980,0,none,
T005981,0,none,
T005982,1,weight_outlier_low,Weight implausibly small (0.023 kg) for CRT item (was 13.03 kg)
T005983,1,price_outlier_low,Price per kg far below normal synthetic distribution for Mixed plastics
T005984,0,none,
T005985,0,none,
T005986,0,none,
T005987,0,none,
T005988,0,none,
T005989,0,none,
T005990,0,none,
T005991,0,none,
T005992,0,none,
T005993,0,none,
T005994,0,none,
T005995,0,none,
T005996,0,none,
T005997,0,none,
T005998,0,none,
T005999,0,none,
T006000,0,none,
T006001,1,price_outlier_low,Price per kg far below normal synthetic distribution for Battery
T006002,1,price_outlier_high,Price per kg unrealistically high for Cable
T006003,0,none,
T006004,0,none,
T006005,1,value_mismatch,final_sale_value (46.74) inconsistent with weight_kg x final_price_per_kg (expected ~605.25)
T006006,1,price_outlier_low,Price per kg far below normal synthetic distribution for Other
T006007,1,value_mismatch,final_sale_value (22979.94) inconsistent with weight_kg x final_price_per_kg (expected ~2116.05)
T006008,0,none,
T006009,0,none,
T006010,0,none,
T006011,0,none,
T006012,0,none,
T006013,0,none,
T006014,0,none,
T006015,0,none,
T006016,0,none,
T006017,0,none,
T006018,0,none,
T006019,0,none,
T006020,0,none,
T006021,0,none,
T006022,0,none,
T006023,0,none,
T006024,0,none,
T006025,0,none,
T006026,0,none,
T006027,0,none,
T006028,0,none,
T006029,0,none,
T006030,0,none,
T006031,0,none,
T006032,0,none,
T006033,0,none,
T006034,0,none,
T006035,0,none,
T006036,0,none,
T006037,0,none,
T006038,0,none,
T006039,0,none,
T006040,0,none,
T006041,0,none,
T006042,1,suspicious_combination,Unusually high price for Motor despite Poor/Damaged condition
T006043,0,none,
T006044,0,none,
T006045,0,none,
T006046,0,none,
T006047,0,none,
T006048,0,none,
T006049,0,none,
T006050,0,none,
T006051,0,none,
T006052,0,none,
T006053,0,none,
T006054,0,none,
T006055,0,none,
T006056,0,none,
T006057,0,none,
T006058,0,none,
T006059,0,none,
T006060,0,none,
T006061,0,none,
T006062,0,none,
T006063,0,none,
T006064,0,none,
T006065,0,none,
T006066,0,none,
T006067,0,none,
T006068,0,none,
T006069,0,none,
T006070,0,none,
T006071,0,none,
T006072,0,none,
T006073,0,none,
T006074,0,none,
T006075,0,none,
T006076,0,none,
T006077,0,none,
T006078,0,none,
T006079,0,none,
T006080,0,none,
T006081,0,none,
T006082,0,none,
T006083,0,none,
T006084,0,none,
T006085,1,price_outlier_high,Price per kg unrealistically high for CRT
T006086,0,none,
T006087,0,none,
T006088,0,none,
T006089,0,none,
T006090,0,none,
T006091,0,none,
T006092,0,none,
T006093,0,none,
T006094,0,none,
T006095,0,none,
T006096,0,none,
T006097,1,value_mismatch,final_sale_value (12776.95) inconsistent with weight_kg x final_price_per_kg (expected ~1520.18)
T006098,0,none,
T006099,0,none,
T006100,0,none,
T006101,0,none,
T006102,0,none,
T006103,0,none,
T006104,0,none,
T006105,0,none,
T006106,0,none,
T006107,0,none,
T006108,0,none,
T006109,1,value_mismatch,final_sale_value (159.28) inconsistent with weight_kg x final_price_per_kg (expected ~1089.69)
T006110,0,none,
T006111,0,none,
T006112,0,none,
T006113,0,none,
T006114,0,none,
T006115,0,none,
T006116,0,none,
T006117,0,none,
T006118,0,none,
T006119,0,none,
T006120,0,none,
T006121,1,weight_outlier_low,Weight implausibly small (0.045 kg) for PCB item (was 2.01 kg)
T006122,0,none,
T006123,0,none,
T006124,0,none,
T006125,0,none,
T006126,0,none,
T006127,0,none,
T006128,0,none,
T006129,0,none,
T006130,0,none,
T006131,0,none,
T006132,0,none,
T006133,0,none,
T006134,0,none,
T006135,0,none,
T006136,0,none,
T006137,0,none,
T006138,0,none,
T006139,0,none,
T006140,0,none,
T006141,0,none,
T006142,0,none,
T006143,0,none,
T006144,1,weight_outlier_low,Weight implausibly small (0.042 kg) for PCB item (was 2.77 kg)
T006145,0,none,
T006146,0,none,
T006147,0,none,
T006148,0,none,
T006149,0,none,
T006150,0,none,
T006151,0,none,
T006152,0,none,
T006153,0,none,
T006154,0,none,
T006155,0,none,
T006156,0,none,
T006157,0,none,
T006158,0,none,
T006159,0,none,
T006160,0,none,
T006161,0,none,
T006162,0,none,
T006163,0,none,
T006164,0,none,
T006165,0,none,
T006166,0,none,
T006167,0,none,
T006168,0,none,
T006169,0,none,
T006170,0,none,
T006171,0,none,
T006172,0,none,
T006173,0,none,
T006174,0,none,
T006175,0,none,
T006176,0,none,
T006177,0,none,
T006178,0,none,
T006179,0,none,
T006180,0,none,
T006181,0,none,
T006182,1,value_mismatch,final_sale_value (494.25) inconsistent with weight_kg x final_price_per_kg (expected ~3243.43)
T006183,0,none,
T006184,1,weight_outlier_low,Weight implausibly small (0.041 kg) for CRT item (was 26.57 kg)
T006185,0,none,
T006186,0,none,
T006187,0,none,
T006188,0,none,
T006189,0,none,
T006190,0,none,
T006191,0,none,
T006192,0,none,
T006193,0,none,
T006194,0,none,
T006195,0,none,
T006196,0,none,
T006197,0,none,
T006198,0,none,
T006199,0,none,
T006200,0,none,
T006201,0,none,
T006202,0,none,
T006203,0,none,
T006204,0,none,
T006205,0,none,
T006206,0,none,
T006207,0,none,
T006208,0,none,
T006209,0,none,
T006210,0,none,
T006211,0,none,
T006212,0,none,
T006213,0,none,
T006214,1,geo_mismatch,"Coordinates correspond to Jaipur but recorded city/state is Ahmedabad, unusually far for a Collector Drop-off transaction"
T006215,0,none,
T006216,0,none,
T006217,0,none,
T006218,0,none,
T006219,0,none,
T006220,0,none,
T006221,0,none,
T006222,0,none,
T006223,0,none,
T006224,0,none,
T006225,0,none,
T006226,0,none,
T006227,0,none,
T006228,0,none,
T006229,0,none,
T006230,0,none,
T006231,0,none,
T006232,0,none,
T006233,0,none,
T006234,0,none,
T006235,0,none,
T006236,0,none,
T006237,0,none,
T006238,0,none,
T006239,0,none,
T006240,0,none,
T006241,0,none,
T006242,0,none,
T006243,0,none,
T006244,0,none,
T006245,0,none,
T006246,0,none,
T006247,0,none,
T006248,0,none,
T006249,0,none,
T006250,0,none,
T006251,0,none,
T006252,0,none,
T006253,0,none,
T006254,1,value_mismatch,final_sale_value (964.0) inconsistent with weight_kg x final_price_per_kg (expected ~85.27)
T006255,0,none,
T006256,0,none,
T006257,1,price_outlier_low,Price per kg far below normal synthetic distribution for Other
T006258,0,none,
T006259,0,none,
T006260,1,geo_mismatch,"Coordinates correspond to Delhi but recorded city/state is Lucknow, unusually far for a Recycler Pickup transaction"
T006261,0,none,
T006262,0,none,
T006263,0,none,
T006264,0,none,
T006265,0,none,
T006266,0,none,
T006267,0,none,
T006268,0,none,
T006269,0,none,
T006270,0,none,
T006271,0,none,
T006272,1,price_outlier_high,Price per kg unrealistically high for CRT
T006273,0,none,
T006274,0,none,
T006275,0,none,
T006276,0,none,
T006277,0,none,
T006278,0,none,
T006279,0,none,
T006280,0,none,
T006281,0,none,
T006282,0,none,
T006283,0,none,
T006284,0,none,
T006285,1,price_outlier_low,Price per kg far below normal synthetic distribution for Motor
T006286,0,none,
T006287,0,none,
T006288,0,none,
T006289,0,none,
T006290,0,none,
T006291,0,none,
T006292,0,none,
T006293,0,none,
T006294,0,none,
T006295,0,none,
T006296,0,none,
T006297,0,none,
T006298,0,none,
T006299,0,none,
T006300,0,none,
T006301,0,none,
T006302,0,none,
T006303,0,none,
T006304,0,none,
T006305,0,none,
T006306,0,none,
T006307,0,none,
T006308,0,none,
T006309,0,none,
T006310,0,none,
T006311,0,none,
T006312,0,none,
T006313,1,suspicious_combination,Very large weight (295.59 kg) combined with unusually low total value for Battery
T006314,0,none,
T006315,0,none,
T006316,0,none,
T006317,0,none,
T006318,0,none,
T006319,0,none,
T006320,0,none,
T006321,0,none,
T006322,0,none,
T006323,0,none,
T006324,0,none,
T006325,0,none,
T006326,0,none,
T006327,0,none,
T006328,0,none,
T006329,0,none,
T006330,1,price_outlier_high,Price per kg unrealistically high for LCD/display
T006331,0,none,
T006332,0,none,
T006333,0,none,
T006334,0,none,
T006335,0,none,
T006336,0,none,
T006337,0,none,
T006338,0,none,
T006339,0,none,
T006340,0,none,
T006341,0,none,
T006342,0,none,
T006343,1,price_outlier_low,Price per kg far below normal synthetic distribution for PCB
T006344,0,none,
T006345,0,none,
T006346,0,none,
T006347,1,suspicious_combination,Unusually high price for Magnet-bearing assembly despite Poor/Damaged condition
T006348,0,none,
T006349,0,none,
T006350,0,none,
T006351,0,none,
T006352,0,none,
T006353,0,none,
T006354,0,none,
T006355,0,none,
T006356,0,none,
T006357,0,none,
T006358,0,none,
T006359,0,none,
T006360,0,none,
T006361,0,none,
T006362,0,none,
T006363,0,none,
T006364,0,none,
T006365,0,none,
T006366,0,none,
T006367,0,none,
T006368,0,none,
T006369,0,none,
T006370,0,none,
T006371,0,none,
T006372,0,none,
T006373,1,geo_mismatch,"Coordinates correspond to Lucknow but recorded city/state is Delhi, unusually far for a Recycler Pickup transaction"
T006374,0,none,
T006375,0,none,
T006376,0,none,
T006377,0,none,
T006378,0,none,
T006379,0,none,
T006380,0,none,
T006381,0,none,
T006382,0,none,
T006383,0,none,
T006384,0,none,
T006385,0,none,
T006386,0,none,
T006387,0,none,
T006388,0,none,
T006389,0,none,
T006390,0,none,
T006391,0,none,
T006392,0,none,
T006393,0,none,
T006394,1,suspicious_combination,Very large weight (282.86 kg) combined with unusually low total value for Battery
T006395,0,none,
T006396,0,none,
T006397,0,none,
T006398,0,none,
T006399,0,none,
T006400,0,none,
T006401,0,none,
T006402,0,none,
T006403,0,none,
T006404,1,suspicious_combination,Very large weight (188.28 kg) combined with unusually low total value for Mixed plastics
T006405,0,none,
T006406,0,none,
T006407,1,weight_outlier_low,Weight implausibly small (0.03 kg) for Cable item (was 50.43 kg)
T006408,0,none,
T006409,0,none,
T006410,0,none,
T006411,0,none,
T006412,0,none,
T006413,0,none,
T006414,1,suspicious_combination,Very large weight (207.98 kg) combined with unusually low total value for Mixed plastics
T006415,0,none,
T006416,0,none,
T006417,0,none,
T006418,0,none,
T006419,0,none,
T006420,0,none,
T006421,0,none,
T006422,1,price_outlier_high,Price per kg unrealistically high for Other
T006423,0,none,
T006424,0,none,
T006425,0,none,
T006426,0,none,
T006427,0,none,
T006428,0,none,
T006429,0,none,
T006430,1,suspicious_combination,Unusually high price for LCD/display despite Poor/Damaged condition
T006431,1,suspicious_combination,Very large weight (207.49 kg) combined with unusually low total value for PCB
T006432,0,none,
T006433,0,none,
T006434,0,none,
T006435,0,none,
T006436,0,none,
T006437,0,none,
T006438,0,none,
T006439,0,none,
T006440,0,none,
T006441,0,none,
T006442,0,none,
T006443,0,none,
T006444,0,none,
T006445,0,none,
T006446,0,none,
T006447,0,none,
T006448,0,none,
T006449,0,none,
T006450,0,none,
T006451,0,none,
T006452,0,none,
T006453,0,none,
T006454,0,none,
T006455,0,none,
T006456,0,none,
T006457,1,price_outlier_low,Price per kg far below normal synthetic distribution for CRT
T006458,0,none,
T006459,0,none,
T006460,0,none,
T006461,0,none,
T006462,0,none,
T006463,1,price_outlier_high,Price per kg unrealistically high for Mixed plastics
T006464,0,none,
T006465,0,none,
T006466,0,none,
T006467,0,none,
T006468,0,none,
T006469,0,none,
T006470,1,weight_outlier_high,Weight implausibly large (719.77 kg) for Other item (was 9.67 kg)
T006471,0,none,
T006472,0,none,
T006473,0,none,
T006474,0,none,
T006475,0,none,
T006476,0,none,
T006477,0,none,
T006478,0,none,
T006479,0,none,
T006480,0,none,
T006481,0,none,
T006482,0,none,
T006483,0,none,
T006484,0,none,
T006485,0,none,
T006486,0,none,
T006487,0,none,
T006488,0,none,
T006489,0,none,
T006490,0,none,
T006491,0,none,
T006492,0,none,
T006493,0,none,
T006494,0,none,
T006495,0,none,
T006496,1,weight_outlier_low,Weight implausibly small (0.008 kg) for LCD/display item (was 3.25 kg)
T006497,0,none,
T006498,0,none,
T006499,0,none,
T006500,0,none,
T006501,0,none,
T006502,0,none,
T006503,0,none,
T006504,0,none,
T006505,1,price_outlier_high,Price per kg unrealistically high for Battery
T006506,0,none,
T006507,0,none,
T006508,0,none,
T006509,0,none,
T006510,0,none,
T006511,0,none,
T006512,0,none,
T006513,1,price_outlier_low,Price per kg far below normal synthetic distribution for LCD/display
T006514,1,price_outlier_high,Price per kg unrealistically high for PCB
T006515,0,none,
T006516,0,none,
T006517,0,none,
T006518,0,none,
T006519,0,none,
T006520,0,none,
T006521,0,none,
T006522,0,none,
T006523,0,none,
T006524,0,none,
T006525,0,none,
T006526,0,none,
T006527,0,none,
T006528,0,none,
T006529,1,price_outlier_high,Price per kg unrealistically high for Other
T006530,0,none,
T006531,0,none,
T006532,0,none,
T006533,0,none,
T006534,0,none,
T006535,0,none,
T006536,0,none,
T006537,0,none,
T006538,1,price_outlier_low,Price per kg far below normal synthetic distribution for PCB
T006539,0,none,
T006540,0,none,
T006541,0,none,
T006542,0,none,
T006543,0,none,
T006544,0,none,
T006545,0,none,
T006546,0,none,
T006547,0,none,
T006548,0,none,
T006549,0,none,
T006550,0,none,
T006551,0,none,
T006552,0,none,
T006553,0,none,
T006554,0,none,
T006555,0,none,
T006556,0,none,
T006557,0,none,
T006558,0,none,
T006559,0,none,
T006560,0,none,
T006561,0,none,
T006562,0,none,
T006563,0,none,
T006564,0,none,
T006565,1,value_mismatch,final_sale_value (2658.52) inconsistent with weight_kg x final_price_per_kg (expected ~442.26)
T006566,0,none,
T006567,1,price_outlier_low,Price per kg far below normal synthetic distribution for Other
T006568,0,none,
T006569,0,none,
T006570,0,none,
T006571,0,none,
T006572,0,none,
T006573,0,none,
T006574,0,none,
T006575,0,none,
T006576,1,weight_outlier_low,Weight implausibly small (0.017 kg) for Mixed plastics item (was 48.76 kg)
T006577,0,none,
T006578,0,none,
T006579,0,none,
T006580,0,none,
T006581,0,none,
T006582,0,none,
T006583,0,none,
T006584,0,none,
T006585,0,none,
T006586,0,none,
T006587,0,none,
T006588,0,none,
T006589,0,none,
T006590,0,none,
T006591,0,none,
T006592,0,none,
T006593,1,price_outlier_low,Price per kg far below normal synthetic distribution for Cable
T006594,0,none,
T006595,0,none,
T006596,0,none,
T006597,0,none,
T006598,0,none,
T006599,0,none,
T006600,1,weight_outlier_high,Weight implausibly large (823.71 kg) for Cable item (was 47.16 kg)
T006601,0,none,
T006602,0,none,
T006603,1,value_mismatch,final_sale_value (9073.93) inconsistent with weight_kg x final_price_per_kg (expected ~909.28)
T006604,0,none,
T006605,0,none,
T006606,0,none,
T006607,0,none,
T006608,0,none,
T006609,0,none,
T006610,0,none,
T006611,0,none,
T006612,0,none,
T006613,0,none,
T006614,0,none,
T006615,0,none,
T006616,0,none,
T006617,0,none,
T006618,0,none,
T006619,0,none,
T006620,0,none,
T006621,0,none,
T006622,0,none,
T006623,0,none,
T006624,0,none,
T006625,0,none,
T006626,0,none,
T006627,0,none,
T006628,0,none,
T006629,0,none,
T006630,0,none,
T006631,0,none,
T006632,1,suspicious_combination,Unusually high price for Magnet-bearing assembly despite Poor/Damaged condition
T006633,0,none,
T006634,0,none,
T006635,0,none,
T006636,0,none,
T006637,0,none,
T006638,0,none,
T006639,0,none,
T006640,0,none,
T006641,0,none,
T006642,0,none,
T006643,0,none,
T006644,1,value_mismatch,final_sale_value (4666.29) inconsistent with weight_kg x final_price_per_kg (expected ~688.95)
T006645,0,none,
T006646,0,none,
T006647,0,none,
T006648,0,none,
T006649,0,none,
T006650,0,none,
T006651,0,none,
T006652,0,none,
T006653,0,none,
T006654,0,none,
T006655,0,none,
T006656,1,weight_outlier_low,Weight implausibly small (0.047 kg) for Other item (was 16.84 kg)
T006657,0,none,
T006658,0,none,
T006659,0,none,
T006660,0,none,
T006661,0,none,
T006662,0,none,
T006663,0,none,
T006664,0,none,
T006665,0,none,
T006666,0,none,
T006667,0,none,
T006668,0,none,
T006669,0,none,
T006670,0,none,
T006671,0,none,
T006672,0,none,
T006673,0,none,
T006674,0,none,
T006675,0,none,
T006676,0,none,
T006677,0,none,
T006678,0,none,
T006679,0,none,
T006680,0,none,
T006681,0,none,
T006682,0,none,
T006683,0,none,
T006684,0,none,
T006685,1,price_outlier_low,Price per kg far below normal synthetic distribution for LCD/display
T006686,0,none,
T006687,0,none,
T006688,0,none,
T006689,0,none,
T006690,0,none,
T006691,0,none,
T006692,0,none,
T006693,0,none,
T006694,0,none,
T006695,0,none,
T006696,1,weight_outlier_low,Weight implausibly small (0.019 kg) for CRT item (was 3.0 kg)
T006697,0,none,
T006698,0,none,
T006699,1,price_outlier_high,Price per kg unrealistically high for Mixed plastics
T006700,0,none,
T006701,0,none,
T006702,1,weight_outlier_low,Weight implausibly small (0.017 kg) for Battery item (was 26.44 kg)
T006703,0,none,
T006704,1,price_outlier_high,Price per kg unrealistically high for Cable
T006705,0,none,
T006706,0,none,
T006707,0,none,
T006708,0,none,
T006709,0,none,
T006710,0,none,
T006711,1,price_outlier_high,Price per kg unrealistically high for Motor
T006712,0,none,
T006713,0,none,
T006714,0,none,
T006715,0,none,
T006716,0,none,
T006717,0,none,
T006718,0,none,
T006719,0,none,
T006720,0,none,
T006721,0,none,
T006722,0,none,
T006723,0,none,
T006724,0,none,
T006725,0,none,
T006726,0,none,
T006727,0,none,
T006728,0,none,
T006729,0,none,
T006730,0,none,
T006731,0,none,
T006732,0,none,
T006733,0,none,
T006734,0,none,
T006735,0,none,
T006736,1,price_outlier_high,Price per kg unrealistically high for Motor
T006737,0,none,
T006738,0,none,
T006739,0,none,
T006740,0,none,
T006741,0,none,
T006742,0,none,
T006743,0,none,
T006744,0,none,
T006745,0,none,
T006746,0,none,
T006747,0,none,
T006748,0,none,
T006749,0,none,
T006750,0,none,
T006751,0,none,
T006752,0,none,
T006753,0,none,
T006754,0,none,
T006755,0,none,
T006756,0,none,
T006757,0,none,
T006758,0,none,
T006759,0,none,
T006760,0,none,
T006761,0,none,
T006762,0,none,
T006763,0,none,
T006764,0,none,
T006765,0,none,
T006766,0,none,
T006767,0,none,
T006768,0,none,
T006769,0,none,
T006770,0,none,
T006771,0,none,
T006772,0,none,
T006773,0,none,
T006774,0,none,
T006775,0,none,
T006776,0,none,
T006777,0,none,
T006778,0,none,
T006779,1,price_outlier_low,Price per kg far below normal synthetic distribution for Mixed plastics
T006780,0,none,
T006781,0,none,
T006782,0,none,
T006783,0,none,
T006784,0,none,
T006785,0,none,
T006786,0,none,
T006787,0,none,
T006788,0,none,
T006789,0,none,
T006790,0,none,
T006791,0,none,
T006792,0,none,
T006793,0,none,
T006794,0,none,
T006795,0,none,
T006796,0,none,
T006797,0,none,
T006798,0,none,
T006799,0,none,
T006800,0,none,
T006801,0,none,
T006802,0,none,
T006803,0,none,
T006804,0,none,
T006805,0,none,
T006806,0,none,
T006807,0,none,
T006808,0,none,
T006809,0,none,
T006810,0,none,
T006811,0,none,
T006812,0,none,
T006813,0,none,
T006814,0,none,
T006815,0,none,
T006816,0,none,
T006817,0,none,
T006818,0,none,
T006819,0,none,
T006820,0,none,
T006821,0,none,
T006822,0,none,
T006823,0,none,
T006824,0,none,
T006825,0,none,
T006826,0,none,
T006827,0,none,
T006828,0,none,
T006829,0,none,
T006830,0,none,
T006831,0,none,
T006832,0,none,
T006833,0,none,
T006834,0,none,
T006835,0,none,
T006836,0,none,
T006837,0,none,
T006838,0,none,
T006839,1,weight_outlier_high,Weight implausibly large (416.31 kg) for Other item (was 1.83 kg)
T006840,0,none,
T006841,0,none,
T006842,0,none,
T006843,0,none,
T006844,0,none,
T006845,0,none,
T006846,0,none,
T006847,0,none,
T006848,0,none,
T006849,0,none,
T006850,0,none,
T006851,0,none,
T006852,0,none,
T006853,0,none,
T006854,0,none,
T006855,0,none,
T006856,0,none,
T006857,0,none,
T006858,0,none,
T006859,0,none,
T006860,0,none,
T006861,0,none,
T006862,0,none,
T006863,0,none,
T006864,0,none,
T006865,0,none,
T006866,1,price_outlier_high,Price per kg unrealistically high for Mixed plastics
T006867,0,none,
T006868,0,none,
T006869,0,none,
T006870,0,none,
T006871,0,none,
T006872,0,none,
T006873,0,none,
T006874,0,none,
T006875,0,none,
T006876,0,none,
T006877,0,none,
T006878,0,none,
T006879,0,none,
T006880,0,none,
T006881,0,none,
T006882,0,none,
T006883,0,none,
T006884,0,none,
T006885,0,none,
T006886,0,none,
T006887,0,none,
T006888,0,none,
T006889,0,none,
T006890,0,none,
T006891,0,none,
T006892,0,none,
T006893,0,none,
T006894,0,none,
T006895,0,none,
T006896,1,weight_outlier_high,Weight implausibly large (779.96 kg) for Motor item (was 22.51 kg)
T006897,0,none,
T006898,0,none,
T006899,1,geo_mismatch,"Coordinates correspond to Hyderabad but recorded city/state is Ahmedabad, unusually far for a Collector Drop-off transaction"
T006900,0,none,
T006901,0,none,
T006902,0,none,
T006903,0,none,
T006904,0,none,
T006905,0,none,
T006906,0,none,
T006907,0,none,
T006908,0,none,
T006909,0,none,
T006910,0,none,
T006911,0,none,
T006912,0,none,
T006913,0,none,
T006914,0,none,
T006915,0,none,
T006916,0,none,
T006917,0,none,
T006918,0,none,
T006919,0,none,
T006920,0,none,
T006921,0,none,
T006922,0,none,
T006923,0,none,
T006924,0,none,
T006925,0,none,
T006926,0,none,
T006927,0,none,
T006928,0,none,
T006929,1,weight_outlier_high,Weight implausibly large (302.55 kg) for Mixed plastics item (was 11.48 kg)
T006930,0,none,
T006931,0,none,
T006932,0,none,
T006933,0,none,
T006934,0,none,
T006935,0,none,
T006936,0,none,
T006937,0,none,
T006938,0,none,
T006939,0,none,
T006940,0,none,
T006941,0,none,
T006942,0,none,
T006943,0,none,
T006944,1,weight_outlier_low,Weight implausibly small (0.007 kg) for Battery item (was 21.87 kg)
T006945,0,none,
T006946,0,none,
T006947,0,none,
T006948,1,price_outlier_low,Price per kg far below normal synthetic distribution for PCB
T006949,0,none,
T006950,1,suspicious_combination,Unusually high price for Mixed plastics despite Poor/Damaged condition
T006951,0,none,
T006952,0,none,
T006953,0,none,
T006954,1,weight_outlier_high,Weight implausibly large (850.39 kg) for Cable item (was 1.89 kg)
T006955,0,none,
T006956,0,none,
T006957,0,none,
T006958,0,none,
T006959,0,none,
T006960,0,none,
T006961,0,none,
T006962,0,none,
T006963,0,none,
T006964,0,none,
T006965,1,suspicious_combination,Very large weight (222.33 kg) combined with unusually low total value for Other
T006966,0,none,
T006967,0,none,
T006968,0,none,
T006969,0,none,
T006970,0,none,
T006971,0,none,
T006972,0,none,
T006973,0,none,
T006974,0,none,
T006975,0,none,
T006976,0,none,
T006977,0,none,
T006978,0,none,
T006979,1,price_outlier_high,Price per kg unrealistically high for Other
T006980,0,none,
T006981,0,none,
T006982,0,none,
T006983,0,none,
T006984,0,none,
T006985,0,none,
T006986,0,none,
T006987,0,none,
T006988,0,none,
T006989,0,none,
T006990,0,none,
T006991,0,none,
T006992,0,none,
T006993,0,none,
T006994,0,none,
T006995,0,none,
T006996,1,geo_mismatch,"Coordinates correspond to Lucknow but recorded city/state is Mumbai, unusually far for a Collector Drop-off transaction"
T006997,0,none,
T006998,0,none,
T006999,0,none,
T007000,0,none,
T007001,0,none,
T007002,0,none,
T007003,0,none,
T007004,0,none,
T007005,0,none,
T007006,0,none,
T007007,0,none,
T007008,0,none,
T007009,0,none,
T007010,0,none,
T007011,0,none,
T007012,0,none,
T007013,0,none,
T007014,0,none,
T007015,0,none,
T007016,0,none,
T007017,0,none,
T007018,0,none,
T007019,0,none,
T007020,0,none,
T007021,0,none,
T007022,1,geo_mismatch,"Coordinates correspond to Noida but recorded city/state is Chennai, unusually far for a Collector Drop-off transaction"
T007023,0,none,
T007024,0,none,
T007025,0,none,
T007026,0,none,
T007027,0,none,
T007028,0,none,
T007029,0,none,
T007030,0,none,
T007031,0,none,
T007032,0,none,
T007033,0,none,
T007034,0,none,
T007035,0,none,
T007036,0,none,
T007037,0,none,
T007038,0,none,
T007039,0,none,
T007040,0,none,
T007041,0,none,
T007042,0,none,
T007043,0,none,
T007044,0,none,
T007045,0,none,
T007046,1,suspicious_combination,Very large weight (192.98 kg) combined with unusually low total value for CRT
T007047,0,none,
T007048,0,none,
T007049,0,none,
T007050,0,none,
T007051,0,none,
T007052,0,none,
T007053,0,none,
T007054,0,none,
T007055,0,none,
T007056,0,none,
T007057,0,none,
T007058,0,none,
T007059,0,none,
T007060,0,none,
T007061,0,none,
T007062,0,none,
T007063,0,none,
T007064,0,none,
T007065,0,none,
T007066,0,none,
T007067,0,none,
T007068,0,none,
T007069,0,none,
T007070,0,none,
T007071,0,none,
T007072,0,none,
T007073,0,none,
T007074,1,price_outlier_high,Price per kg unrealistically high for Motor
T007075,1,suspicious_combination,Unusually high price for Battery despite Poor/Damaged condition
T007076,0,none,
T007077,0,none,
T007078,0,none,
T007079,0,none,
T007080,0,none,
T007081,0,none,
T007082,0,none,
T007083,0,none,
T007084,0,none,
T007085,0,none,
T007086,0,none,
T007087,0,none,
T007088,0,none,
T007089,0,none,
T007090,0,none,
T007091,0,none,
T007092,0,none,
T007093,0,none,
T007094,0,none,
T007095,0,none,
T007096,0,none,
T007097,0,none,
T007098,0,none,
T007099,0,none,
T007100,1,price_outlier_low,Price per kg far below normal synthetic distribution for CRT
T007101,0,none,
T007102,0,none,
T007103,0,none,
T007104,0,none,
T007105,0,none,
T007106,1,suspicious_combination,Unusually high price for Other despite Poor/Damaged condition
T007107,0,none,
T007108,0,none,
T007109,0,none,
T007110,0,none,
T007111,0,none,
T007112,1,weight_outlier_low,Weight implausibly small (0.012 kg) for PCB item (was 8.23 kg)
T007113,1,value_mismatch,final_sale_value (21147.31) inconsistent with weight_kg x final_price_per_kg (expected ~1960.2)
T007114,0,none,
T007115,0,none,
T007116,0,none,
T007117,0,none,
T007118,0,none,
T007119,0,none,
T007120,0,none,
T007121,0,none,
T007122,0,none,
T007123,0,none,
T007124,0,none,
T007125,0,none,
T007126,1,price_outlier_high,Price per kg unrealistically high for LCD/display
T007127,0,none,
T007128,0,none,
T007129,0,none,
T007130,0,none,
T007131,0,none,
T007132,0,none,
T007133,0,none,
T007134,0,none,
T007135,0,none,
T007136,0,none,
T007137,0,none,
T007138,0,none,
T007139,0,none,
T007140,0,none,
T007141,0,none,
T007142,0,none,
T007143,0,none,
T007144,0,none,
T007145,0,none,
T007146,0,none,
T007147,0,none,
T007148,0,none,
T007149,0,none,
T007150,0,none,
T007151,1,price_outlier_high,Price per kg unrealistically high for Battery
T007152,0,none,
T007153,0,none,
T007154,0,none,
T007155,0,none,
T007156,0,none,
T007157,0,none,
T007158,0,none,
T007159,0,none,
T007160,0,none,
T007161,0,none,
T007162,0,none,
T007163,1,weight_outlier_high,Weight implausibly large (428.73 kg) for Mixed plastics item (was 15.55 kg)
T007164,0,none,
T007165,0,none,
T007166,0,none,
T007167,0,none,
T007168,0,none,
T007169,0,none,
T007170,0,none,
T007171,0,none,
T007172,0,none,
T007173,0,none,
T007174,0,none,
T007175,0,none,
T007176,0,none,
T007177,0,none,
T007178,0,none,
T007179,0,none,
T007180,0,none,
T007181,0,none,
T007182,0,none,
T007183,0,none,
T007184,0,none,
T007185,0,none,
T007186,0,none,
T007187,0,none,
T007188,0,none,
T007189,0,none,
T007190,0,none,
T007191,0,none,
T007192,0,none,
T007193,1,weight_outlier_high,Weight implausibly large (783.3 kg) for Battery item (was 49.73 kg)
T007194,0,none,
T007195,1,geo_mismatch,"Coordinates correspond to Noida but recorded city/state is Bengaluru, unusually far for a Collector Drop-off transaction"
T007196,0,none,
T007197,0,none,
T007198,1,price_outlier_high,Price per kg unrealistically high for Cable
T007199,0,none,
T007200,0,none,
T007201,0,none,
T007202,0,none,
T007203,0,none,
T007204,0,none,
T007205,0,none,
T007206,1,weight_outlier_high,Weight implausibly large (408.77 kg) for Other item (was 19.59 kg)
T007207,0,none,
T007208,0,none,
T007209,0,none,
T007210,0,none,
T007211,0,none,
T007212,0,none,
T007213,0,none,
T007214,0,none,
T007215,0,none,
T007216,0,none,
T007217,0,none,
T007218,0,none,
T007219,0,none,
T007220,0,none,
T007221,0,none,
T007222,0,none,
T007223,0,none,
T007224,0,none,
T007225,0,none,
T007226,0,none,
T007227,0,none,
T007228,0,none,
T007229,0,none,
T007230,0,none,
T007231,0,none,
T007232,0,none,
T007233,0,none,
T007234,0,none,
T007235,0,none,
T007236,0,none,
T007237,0,none,
T007238,0,none,
T007239,0,none,
T007240,0,none,
T007241,0,none,
T007242,0,none,
T007243,0,none,
T007244,1,price_outlier_low,Price per kg far below normal synthetic distribution for Battery
T007245,1,weight_outlier_low,Weight implausibly small (0.024 kg) for Other item (was 27.38 kg)
T007246,0,none,
T007247,0,none,
T007248,0,none,
T007249,0,none,
T007250,0,none,
T007251,0,none,
T007252,0,none,
T007253,0,none,
T007254,0,none,
T007255,0,none,
T007256,0,none,
T007257,0,none,
T007258,0,none,
T007259,0,none,
T007260,0,none,
T007261,0,none,
T007262,0,none,
T007263,0,none,
T007264,0,none,
T007265,0,none,
T007266,0,none,
T007267,1,price_outlier_high,Price per kg unrealistically high for Cable
T007268,0,none,
T007269,0,none,
T007270,0,none,
T007271,0,none,
T007272,0,none,
T007273,0,none,
T007274,0,none,
T007275,0,none,
T007276,0,none,
T007277,0,none,
T007278,0,none,
T007279,0,none,
T007280,0,none,
T007281,0,none,
T007282,0,none,
T007283,0,none,
T007284,0,none,
T007285,0,none,
T007286,0,none,
T007287,0,none,
T007288,0,none,
T007289,0,none,
T007290,0,none,
T007291,0,none,
T007292,0,none,
T007293,0,none,
T007294,0,none,
T007295,0,none,
T007296,0,none,
T007297,0,none,
T007298,0,none,
T007299,0,none,
T007300,0,none,
T007301,0,none,
T007302,0,none,
T007303,0,none,
T007304,0,none,
T007305,1,geo_mismatch,"Coordinates correspond to Ghaziabad but recorded city/state is Mumbai, unusually far for a Recycler Pickup transaction"
T007306,0,none,
T007307,0,none,
T007308,0,none,
T007309,0,none,
T007310,0,none,
T007311,0,none,
T007312,0,none,
T007313,1,price_outlier_high,Price per kg unrealistically high for Cable
T007314,0,none,
T007315,1,price_outlier_low,Price per kg far below normal synthetic distribution for Mixed plastics
T007316,0,none,
T007317,0,none,
T007318,0,none,
T007319,0,none,
T007320,0,none,
T007321,0,none,
T007322,0,none,
T007323,0,none,
T007324,0,none,
T007325,0,none,
T007326,0,none,
T007327,0,none,
T007328,0,none,
T007329,0,none,
T007330,0,none,
T007331,0,none,
T007332,1,value_mismatch,final_sale_value (1716.18) inconsistent with weight_kg x final_price_per_kg (expected ~424.56)
T007333,0,none,
T007334,0,none,
T007335,0,none,
T007336,0,none,
T007337,0,none,
T007338,0,none,
T007339,0,none,
T007340,0,none,
T007341,0,none,
T007342,0,none,
T007343,0,none,
T007344,0,none,
T007345,0,none,
T007346,0,none,
T007347,0,none,
T007348,0,none,
T007349,0,none,
T007350,0,none,
T007351,0,none,
T007352,0,none,
T007353,0,none,
T007354,0,none,
T007355,0,none,
T007356,0,none,
T007357,0,none,
T007358,1,suspicious_combination,Unusually high price for Battery despite Poor/Damaged condition
T007359,0,none,
T007360,0,none,
T007361,0,none,
T007362,0,none,
T007363,0,none,
T007364,0,none,
T007365,0,none,
T007366,0,none,
T007367,0,none,
T007368,0,none,
T007369,0,none,
T007370,0,none,
T007371,0,none,
T007372,0,none,
T007373,0,none,
T007374,0,none,
T007375,0,none,
T007376,0,none,
T007377,0,none,
T007378,0,none,
T007379,0,none,
T007380,0,none,
T007381,0,none,
T007382,0,none,
T007383,0,none,
T007384,0,none,
T007385,0,none,
T007386,0,none,
T007387,0,none,
T007388,0,none,
T007389,0,none,
T007390,0,none,
T007391,0,none,
T007392,0,none,
T007393,0,none,
T007394,0,none,
T007395,0,none,
T007396,0,none,
T007397,0,none,
T007398,0,none,
T007399,0,none,
T007400,0,none,
T007401,0,none,
T007402,0,none,
T007403,0,none,
T007404,0,none,
T007405,0,none,
T007406,0,none,
T007407,0,none,
T007408,1,price_outlier_high,Price per kg unrealistically high for PCB
T007409,0,none,
T007410,0,none,
T007411,0,none,
T007412,0,none,
T007413,0,none,
T007414,0,none,
T007415,0,none,
T007416,0,none,
T007417,0,none,
T007418,0,none,
T007419,0,none,
T007420,0,none,
T007421,0,none,
T007422,1,weight_outlier_high,Weight implausibly large (514.71 kg) for Motor item (was 7.7 kg)
T007423,0,none,
T007424,0,none,
T007425,0,none,
T007426,0,none,
T007427,0,none,
T007428,0,none,
T007429,0,none,
T007430,0,none,
T007431,0,none,
T007432,0,none,
T007433,0,none,
T007434,1,value_mismatch,final_sale_value (1376.48) inconsistent with weight_kg x final_price_per_kg (expected ~153.05)
T007435,0,none,
T007436,0,none,
T007437,0,none,
T007438,0,none,
T007439,0,none,
T007440,0,none,
T007441,0,none,
T007442,0,none,
T007443,0,none,
T007444,0,none,
T007445,0,none,
T007446,0,none,
T007447,0,none,
T007448,0,none,
T007449,0,none,
T007450,0,none,
T007451,0,none,
T007452,0,none,
T007453,0,none,
T007454,0,none,
T007455,0,none,
T007456,0,none,
T007457,0,none,
T007458,0,none,
T007459,0,none,
T007460,0,none,
T007461,0,none,
T007462,0,none,
T007463,0,none,
T007464,0,none,
T007465,0,none,
T007466,0,none,
T007467,0,none,
T007468,1,price_outlier_high,Price per kg unrealistically high for Motor
T007469,0,none,
T007470,0,none,
T007471,0,none,
T007472,0,none,
T007473,0,none,
T007474,0,none,
T007475,0,none,
T007476,0,none,
T007477,0,none,
T007478,0,none,
T007479,0,none,
T007480,0,none,
T007481,0,none,
T007482,0,none,
T007483,0,none,
T007484,0,none,
T007485,0,none,
T007486,0,none,
T007487,0,none,
T007488,0,none,
T007489,1,weight_outlier_high,Weight implausibly large (650.98 kg) for CRT item (was 13.3 kg)
T007490,0,none,
T007491,0,none,
T007492,0,none,
T007493,0,none,
T007494,0,none,
T007495,0,none,
T007496,0,none,
T007497,0,none,
T007498,0,none,
T007499,0,none,
T007500,0,none,
T007501,0,none,
T007502,0,none,
T007503,0,none,
T007504,1,price_outlier_high,Price per kg unrealistically high for LCD/display
T007505,0,none,
T007506,0,none,
T007507,0,none,
T007508,0,none,
T007509,0,none,
T007510,0,none,
T007511,0,none,
T007512,0,none,
T007513,0,none,
T007514,0,none,
T007515,0,none,
T007516,0,none,
T007517,0,none,
T007518,0,none,
T007519,0,none,
T007520,0,none,
T007521,0,none,
T007522,1,price_outlier_low,Price per kg far below normal synthetic distribution for Motor
T007523,0,none,
T007524,0,none,
T007525,0,none,
T007526,0,none,
T007527,0,none,
T007528,0,none,
T007529,0,none,
T007530,0,none,
T007531,0,none,
T007532,0,none,
T007533,0,none,
T007534,0,none,
T007535,0,none,
T007536,0,none,
T007537,1,geo_mismatch,"Coordinates correspond to Pune but recorded city/state is Ghaziabad, unusually far for a Recycler Pickup transaction"
T007538,0,none,
T007539,0,none,
T007540,0,none,
T007541,0,none,
T007542,0,none,
T007543,0,none,
T007544,0,none,
T007545,0,none,
T007546,0,none,
T007547,0,none,
T007548,0,none,
T007549,0,none,
T007550,0,none,
T007551,0,none,
T007552,0,none,
T007553,0,none,
T007554,0,none,
T007555,0,none,
T007556,0,none,
T007557,0,none,
T007558,0,none,
T007559,0,none,
T007560,0,none,
T007561,0,none,
T007562,0,none,
T007563,0,none,
T007564,0,none,
T007565,0,none,
T007566,0,none,
T007567,0,none,
T007568,0,none,
T007569,0,none,
T007570,0,none,
T007571,0,none,
T007572,0,none,
T007573,0,none,
T007574,0,none,
T007575,0,none,
T007576,0,none,
T007577,0,none,
T007578,0,none,
T007579,0,none,
T007580,0,none,
T007581,0,none,
T007582,0,none,
T007583,0,none,
T007584,0,none,
T007585,0,none,
T007586,0,none,
T007587,0,none,
T007588,0,none,
T007589,0,none,
T007590,0,none,
T007591,0,none,
T007592,0,none,
T007593,0,none,
T007594,0,none,
T007595,1,price_outlier_high,Price per kg unrealistically high for Other
T007596,0,none,
T007597,0,none,
T007598,0,none,
T007599,0,none,
T007600,0,none,
T007601,0,none,
T007602,0,none,
T007603,0,none,
T007604,0,none,
T007605,0,none,
T007606,0,none,
T007607,0,none,
T007608,0,none,
T007609,0,none,
T007610,0,none,
T007611,0,none,
T007612,0,none,
T007613,0,none,
T007614,0,none,
T007615,0,none,
T007616,0,none,
T007617,0,none,
T007618,0,none,
T007619,0,none,
T007620,0,none,
T007621,0,none,
T007622,0,none,
T007623,0,none,
T007624,0,none,
T007625,0,none,
T007626,0,none,
T007627,0,none,
T007628,0,none,
T007629,0,none,
T007630,0,none,
T007631,0,none,
T007632,0,none,
T007633,0,none,
T007634,0,none,
T007635,0,none,
T007636,0,none,
T007637,0,none,
T007638,0,none,
T007639,0,none,
T007640,0,none,
T007641,0,none,
T007642,0,none,
T007643,0,none,
T007644,1,geo_mismatch,"Coordinates correspond to Lucknow but recorded city/state is Bareilly, unusually far for a Collector Drop-off transaction"
T007645,0,none,
T007646,0,none,
T007647,0,none,
T007648,0,none,
T007649,0,none,
T007650,0,none,
T007651,0,none,
T007652,1,suspicious_combination,Very large weight (152.74 kg) combined with unusually low total value for Mixed plastics
T007653,0,none,
T007654,0,none,
T007655,0,none,
T007656,0,none,
T007657,0,none,
T007658,0,none,
T007659,0,none,
T007660,0,none,
T007661,0,none,
T007662,0,none,
T007663,0,none,
T007664,0,none,
T007665,0,none,
T007666,0,none,
T007667,0,none,
T007668,0,none,
T007669,0,none,
T007670,0,none,
T007671,0,none,
T007672,0,none,
T007673,1,price_outlier_high,Price per kg unrealistically high for PCB
T007674,0,none,
T007675,0,none,
T007676,0,none,
T007677,0,none,
T007678,0,none,
T007679,0,none,
T007680,0,none,
T007681,1,price_outlier_low,Price per kg far below normal synthetic distribution for Motor
T007682,0,none,
T007683,0,none,
T007684,0,none,
T007685,0,none,
T007686,0,none,
T007687,0,none,
T007688,0,none,
T007689,0,none,
T007690,0,none,
T007691,0,none,
T007692,0,none,
T007693,0,none,
T007694,0,none,
T007695,0,none,
T007696,0,none,
T007697,0,none,
T007698,1,price_outlier_high,Price per kg unrealistically high for Cable
T007699,0,none,
T007700,1,price_outlier_low,Price per kg far below normal synthetic distribution for Other
T007701,0,none,
T007702,0,none,
T007703,0,none,
T007704,0,none,
T007705,0,none,
T007706,0,none,
T007707,0,none,
T007708,0,none,
T007709,1,weight_outlier_high,Weight implausibly large (525.19 kg) for PCB item (was 5.44 kg)
T007710,0,none,
T007711,0,none,
T007712,1,price_outlier_low,Price per kg far below normal synthetic distribution for LCD/display
T007713,0,none,
T007714,0,none,
T007715,0,none,
T007716,0,none,
T007717,0,none,
T007718,0,none,
T007719,0,none,
T007720,0,none,
T007721,0,none,
T007722,0,none,
T007723,0,none,
T007724,0,none,
T007725,0,none,
T007726,0,none,
T007727,0,none,
T007728,0,none,
T007729,0,none,
T007730,0,none,
T007731,0,none,
T007732,0,none,
T007733,1,price_outlier_high,Price per kg unrealistically high for Mixed plastics
T007734,0,none,
T007735,0,none,
T007736,0,none,
T007737,0,none,
T007738,0,none,
T007739,0,none,
T007740,0,none,
T007741,0,none,
T007742,0,none,
T007743,0,none,
T007744,0,none,
T007745,0,none,
T007746,0,none,
T007747,0,none,
T007748,1,suspicious_combination,Unusually high price for CRT despite Poor/Damaged condition
T007749,0,none,
T007750,0,none,
T007751,0,none,
T007752,0,none,
T007753,1,value_mismatch,final_sale_value (33946.0) inconsistent with weight_kg x final_price_per_kg (expected ~2875.89)
T007754,1,value_mismatch,final_sale_value (1847.32) inconsistent with weight_kg x final_price_per_kg (expected ~174.73)
T007755,0,none,
T007756,0,none,
T007757,0,none,
T007758,0,none,
T007759,0,none,
T007760,0,none,
T007761,0,none,
T007762,0,none,
T007763,0,none,
T007764,1,price_outlier_low,Price per kg far below normal synthetic distribution for Magnet-bearing assembly
T007765,0,none,
T007766,1,price_outlier_high,Price per kg unrealistically high for Mixed plastics
T007767,0,none,
T007768,0,none,
T007769,0,none,
T007770,0,none,
T007771,0,none,
T007772,0,none,
T007773,0,none,
T007774,0,none,
T007775,0,none,
T007776,0,none,
T007777,1,suspicious_combination,Unusually high price for Motor despite Poor/Damaged condition
T007778,0,none,
T007779,0,none,
T007780,0,none,
T007781,0,none,
T007782,0,none,
T007783,0,none,
T007784,0,none,
T007785,0,none,
T007786,0,none,
T007787,0,none,
T007788,0,none,
T007789,0,none,
T007790,0,none,
T007791,0,none,
T007792,0,none,
T007793,0,none,
T007794,0,none,
T007795,0,none,
T007796,0,none,
T007797,0,none,
T007798,0,none,
T007799,0,none,
T007800,0,none,
T007801,0,none,
T007802,0,none,
T007803,0,none,
T007804,0,none,
T007805,0,none,
T007806,0,none,
T007807,1,price_outlier_high,Price per kg unrealistically high for PCB
T007808,0,none,
T007809,0,none,
T007810,0,none,
T007811,1,price_outlier_high,Price per kg unrealistically high for PCB
T007812,0,none,
T007813,0,none,
T007814,0,none,
T007815,0,none,
T007816,0,none,
T007817,0,none,
T007818,0,none,
T007819,0,none,
T007820,1,geo_mismatch,"Coordinates correspond to Chennai but recorded city/state is Kanpur, unusually far for a Collector Drop-off transaction"
T007821,0,none,
T007822,0,none,
T007823,0,none,
T007824,0,none,
T007825,0,none,
T007826,0,none,
T007827,0,none,
T007828,0,none,
T007829,0,none,
T007830,1,weight_outlier_high,Weight implausibly large (887.74 kg) for Battery item (was 13.93 kg)
T007831,0,none,
T007832,0,none,
T007833,0,none,
T007834,0,none,
T007835,0,none,
T007836,0,none,
T007837,0,none,
T007838,0,none,
T007839,0,none,
T007840,0,none,
T007841,0,none,
T007842,0,none,
T007843,0,none,
T007844,0,none,
T007845,1,suspicious_combination,Very large weight (196.93 kg) combined with unusually low total value for LCD/display
T007846,0,none,
T007847,0,none,
T007848,0,none,
T007849,0,none,
T007850,0,none,
T007851,0,none,
T007852,0,none,
T007853,0,none,
T007854,0,none,
T007855,1,geo_mismatch,"Coordinates correspond to Jaipur but recorded city/state is Chennai, unusually far for a Recycler Pickup transaction"
T007856,0,none,
T007857,0,none,
T007858,0,none,
T007859,0,none,
T007860,0,none,
T007861,0,none,
T007862,0,none,
T007863,0,none,
T007864,1,price_outlier_high,Price per kg unrealistically high for Motor
T007865,0,none,
T007866,0,none,
T007867,0,none,
T007868,0,none,
T007869,0,none,
T007870,1,price_outlier_high,Price per kg unrealistically high for Battery
T007871,0,none,
T007872,0,none,
T007873,0,none,
T007874,0,none,
T007875,1,price_outlier_low,Price per kg far below normal synthetic distribution for Mixed plastics
T007876,0,none,
T007877,0,none,
T007878,0,none,
T007879,0,none,
T007880,0,none,
T007881,0,none,
T007882,0,none,
T007883,0,none,
T007884,1,weight_outlier_high,Weight implausibly large (554.67 kg) for Cable item (was 6.34 kg)
T007885,0,none,
T007886,0,none,
T007887,0,none,
T007888,0,none,
T007889,0,none,
T007890,0,none,
T007891,0,none,
T007892,0,none,
T007893,0,none,
T007894,0,none,
T007895,0,none,
T007896,0,none,
T007897,0,none,
T007898,0,none,
T007899,0,none,
T007900,0,none,
T007901,0,none,
T007902,0,none,
T007903,0,none,
T007904,0,none,
T007905,0,none,
T007906,0,none,
T007907,0,none,
T007908,0,none,
T007909,0,none,
T007910,0,none,
T007911,0,none,
T007912,0,none,
T007913,0,none,
T007914,0,none,
T007915,0,none,
T007916,0,none,
T007917,0,none,
T007918,0,none,
T007919,0,none,
T007920,0,none,
T007921,0,none,
T007922,1,price_outlier_low,Price per kg far below normal synthetic distribution for Battery
T007923,0,none,
T007924,0,none,
T007925,0,none,
T007926,0,none,
T007927,0,none,
T007928,0,none,
T007929,0,none,
T007930,0,none,
T007931,0,none,
T007932,0,none,
T007933,0,none,
T007934,0,none,
T007935,0,none,
T007936,0,none,
T007937,0,none,
T007938,0,none,
T007939,0,none,
T007940,0,none,
T007941,0,none,
T007942,0,none,
T007943,0,none,
T007944,1,value_mismatch,final_sale_value (3188.21) inconsistent with weight_kg x final_price_per_kg (expected ~339.65)
T007945,0,none,
T007946,0,none,
T007947,0,none,
T007948,0,none,
T007949,0,none,
T007950,0,none,
T007951,0,none,
T007952,0,none,
T007953,0,none,
T007954,0,none,
T007955,0,none,
T007956,0,none,
T007957,0,none,
T007958,0,none,
T007959,0,none,
T007960,0,none,
T007961,0,none,
T007962,0,none,
T007963,0,none,
T007964,0,none,
T007965,1,price_outlier_low,Price per kg far below normal synthetic distribution for Motor
T007966,0,none,
T007967,0,none,
T007968,0,none,
T007969,0,none,
T007970,0,none,
T007971,0,none,
T007972,0,none,
T007973,0,none,
T007974,0,none,
T007975,0,none,
T007976,0,none,
T007977,0,none,
T007978,0,none,
T007979,0,none,
T007980,0,none,
T007981,0,none,
T007982,0,none,
T007983,0,none,
T007984,0,none,
T007985,0,none,
T007986,0,none,
T007987,0,none,
T007988,1,weight_outlier_high,Weight implausibly large (884.18 kg) for Battery item (was 0.82 kg)
T007989,0,none,
T007990,0,none,
T007991,0,none,
T007992,0,none,
T007993,0,none,
T007994,0,none,
T007995,0,none,
T007996,0,none,
T007997,0,none,
T007998,0,none,
T007999,1,weight_outlier_low,Weight implausibly small (0.014 kg) for Mixed plastics item (was 3.68 kg)
T008000,0,none,
T008001,0,none,
T008002,0,none,
T008003,0,none,
T008004,0,none,
T008005,0,none,
T008006,0,none,
T008007,0,none,
T008008,0,none,
T008009,0,none,
T008010,0,none,
T008011,0,none,
T008012,0,none,
T008013,0,none,
T008014,0,none,
T008015,0,none,
T008016,1,geo_mismatch,"Coordinates correspond to Chandigarh but recorded city/state is Delhi, unusually far for a Collector Drop-off transaction"
T008017,0,none,
T008018,0,none,
T008019,0,none,
T008020,0,none,
T008021,0,none,
T008022,0,none,
T008023,0,none,
T008024,0,none,
T008025,0,none,
T008026,0,none,
T008027,0,none,
T008028,0,none,
T008029,0,none,
T008030,1,price_outlier_high,Price per kg unrealistically high for Motor
T008031,0,none,
T008032,1,weight_outlier_high,Weight implausibly large (577.26 kg) for Mixed plastics item (was 14.71 kg)
T008033,0,none,
T008034,0,none,
T008035,0,none,
T008036,0,none,
T008037,0,none,
T008038,0,none,
T008039,0,none,
T008040,0,none,
T008041,0,none,
T008042,0,none,
T008043,0,none,
T008044,0,none,
T008045,1,price_outlier_low,Price per kg far below normal synthetic distribution for Cable
T008046,0,none,
T008047,0,none,
T008048,0,none,
T008049,0,none,
T008050,0,none,
T008051,0,none,
T008052,0,none,
T008053,0,none,
T008054,0,none,
T008055,1,price_outlier_high,Price per kg unrealistically high for Magnet-bearing assembly
T008056,0,none,
T008057,0,none,
T008058,0,none,
T008059,0,none,
T008060,0,none,
T008061,0,none,
T008062,0,none,
T008063,0,none,
T008064,0,none,
T008065,0,none,
T008066,0,none,
T008067,0,none,
T008068,1,weight_outlier_high,Weight implausibly large (857.4 kg) for Mixed plastics item (was 21.88 kg)
T008069,0,none,
T008070,0,none,
T008071,0,none,
T008072,0,none,
T008073,1,suspicious_combination,Unusually high price for Mixed plastics despite Poor/Damaged condition
T008074,0,none,
T008075,0,none,
T008076,0,none,
T008077,0,none,
T008078,0,none,
T008079,0,none,
T008080,0,none,
T008081,0,none,
T008082,1,price_outlier_low,Price per kg far below normal synthetic distribution for Battery
T008083,1,price_outlier_high,Price per kg unrealistically high for Motor
T008084,0,none,
T008085,0,none,
T008086,0,none,
T008087,0,none,
T008088,0,none,
T008089,0,none,
T008090,0,none,
T008091,0,none,
T008092,0,none,
T008093,0,none,
T008094,0,none,
T008095,0,none,
T008096,1,value_mismatch,final_sale_value (20259.59) inconsistent with weight_kg x final_price_per_kg (expected ~1899.43)
T008097,0,none,
T008098,0,none,
T008099,0,none,
T008100,0,none,
T008101,1,price_outlier_high,Price per kg unrealistically high for Motor
T008102,0,none,
T008103,0,none,
T008104,0,none,
T008105,0,none,
T008106,0,none,
T008107,0,none,
T008108,1,price_outlier_low,Price per kg far below normal synthetic distribution for Mixed plastics
T008109,0,none,
T008110,1,suspicious_combination,Very large weight (173.95 kg) combined with unusually low total value for Motor
T008111,0,none,
T008112,0,none,
T008113,0,none,
T008114,0,none,
T008115,0,none,
T008116,0,none,
T008117,0,none,
T008118,0,none,
T008119,0,none,
T008120,0,none,
T008121,0,none,
T008122,0,none,
T008123,0,none,
T008124,0,none,
T008125,1,price_outlier_high,Price per kg unrealistically high for CRT
T008126,0,none,
T008127,0,none,
T008128,0,none,
T008129,0,none,
T008130,0,none,
T008131,0,none,
T008132,0,none,
T008133,0,none,
T008134,0,none,
T008135,0,none,
T008136,0,none,
T008137,0,none,
T008138,0,none,
T008139,0,none,
T008140,0,none,
T008141,0,none,
T008142,0,none,
T008143,0,none,
T008144,0,none,
T008145,0,none,
T008146,0,none,
T008147,0,none,
T008148,0,none,
T008149,0,none,
T008150,0,none,
T008151,0,none,
T008152,0,none,
T008153,0,none,
T008154,0,none,
T008155,0,none,
T008156,0,none,
T008157,0,none,
T008158,0,none,
T008159,0,none,
T008160,0,none,
T008161,0,none,
T008162,0,none,
T008163,0,none,
T008164,0,none,
T008165,0,none,
T008166,0,none,
T008167,0,none,
T008168,0,none,
T008169,0,none,
T008170,0,none,
T008171,0,none,
T008172,0,none,
T008173,1,price_outlier_low,Price per kg far below normal synthetic distribution for PCB
T008174,0,none,
T008175,0,none,
T008176,0,none,
T008177,0,none,
T008178,0,none,
T008179,0,none,
T008180,0,none,
T008181,0,none,
T008182,0,none,
T008183,0,none,
T008184,0,none,
T008185,0,none,
T008186,0,none,
T008187,0,none,
T008188,0,none,
T008189,0,none,
T008190,0,none,
T008191,1,value_mismatch,final_sale_value (81.33) inconsistent with weight_kg x final_price_per_kg (expected ~606.5)
T008192,0,none,
T008193,0,none,
T008194,0,none,
T008195,0,none,
T008196,0,none,
T008197,0,none,
T008198,1,price_outlier_low,Price per kg far below normal synthetic distribution for PCB
T008199,0,none,
T008200,0,none,
T008201,0,none,
T008202,0,none,
T008203,0,none,
T008204,0,none,
T008205,0,none,
T008206,0,none,
T008207,0,none,
T008208,0,none,
T008209,0,none,
T008210,0,none,
T008211,1,value_mismatch,final_sale_value (5956.38) inconsistent with weight_kg x final_price_per_kg (expected ~1071.3)
T008212,0,none,
T008213,0,none,
T008214,0,none,
T008215,0,none,
T008216,0,none,
T008217,0,none,
T008218,0,none,
T008219,0,none,
T008220,0,none,
T008221,0,none,
T008222,0,none,
T008223,0,none,
T008224,0,none,
T008225,0,none,
T008226,0,none,
T008227,0,none,
T008228,0,none,
T008229,0,none,
T008230,0,none,
T008231,1,geo_mismatch,"Coordinates correspond to Noida but recorded city/state is Mumbai, unusually far for a Collector Drop-off transaction"
T008232,0,none,
T008233,0,none,
T008234,0,none,
T008235,0,none,
T008236,0,none,
T008237,0,none,
T008238,0,none,
T008239,0,none,
T008240,0,none,
T008241,0,none,
T008242,0,none,
T008243,0,none,
T008244,0,none,
T008245,0,none,
T008246,0,none,
T008247,1,price_outlier_low,Price per kg far below normal synthetic distribution for Mixed plastics
T008248,0,none,
T008249,0,none,
T008250,0,none,
T008251,0,none,
T008252,0,none,
T008253,0,none,
T008254,0,none,
T008255,0,none,
T008256,0,none,
T008257,0,none,
T008258,0,none,
T008259,0,none,
T008260,0,none,
T008261,0,none,
T008262,0,none,
T008263,0,none,
T008264,0,none,
T008265,0,none,
T008266,0,none,
T008267,0,none,
T008268,0,none,
T008269,0,none,
T008270,0,none,
T008271,0,none,
T008272,0,none,
T008273,0,none,
T008274,0,none,
T008275,0,none,
T008276,0,none,
T008277,0,none,
T008278,0,none,
T008279,0,none,
T008280,0,none,
T008281,1,weight_outlier_high,Weight implausibly large (635.76 kg) for CRT item (was 19.96 kg)
T008282,0,none,
T008283,0,none,
T008284,0,none,
T008285,0,none,
T008286,0,none,
T008287,0,none,
T008288,0,none,
T008289,0,none,
T008290,0,none,
T008291,0,none,
T008292,0,none,
T008293,1,value_mismatch,final_sale_value (40.85) inconsistent with weight_kg x final_price_per_kg (expected ~455.39)
T008294,0,none,
T008295,0,none,
T008296,0,none,
T008297,0,none,
T008298,0,none,
T008299,0,none,
T008300,0,none,
T008301,1,weight_outlier_low,Weight implausibly small (0.006 kg) for CRT item (was 8.73 kg)
T008302,0,none,
T008303,0,none,
T008304,0,none,
T008305,0,none,
T008306,0,none,
T008307,0,none,
T008308,0,none,
T008309,0,none,
T008310,0,none,
T008311,0,none,
T008312,0,none,
T008313,0,none,
T008314,0,none,
T008315,0,none,
T008316,1,price_outlier_low,Price per kg far below normal synthetic distribution for Battery
T008317,0,none,
T008318,0,none,
T008319,0,none,
T008320,0,none,
T008321,0,none,
T008322,0,none,
T008323,0,none,
T008324,0,none,
T008325,0,none,
T008326,0,none,
T008327,0,none,
T008328,0,none,
T008329,0,none,
T008330,0,none,
T008331,1,geo_mismatch,"Coordinates correspond to Lucknow but recorded city/state is Hyderabad, unusually far for a Recycler Pickup transaction"
T008332,0,none,
T008333,0,none,
T008334,0,none,
T008335,0,none,
T008336,0,none,
T008337,0,none,
T008338,0,none,
T008339,0,none,
T008340,0,none,
T008341,0,none,
T008342,0,none,
T008343,0,none,
T008344,0,none,
T008345,0,none,
T008346,0,none,
T008347,0,none,
T008348,0,none,
T008349,0,none,
T008350,0,none,
T008351,0,none,
T008352,0,none,
T008353,1,geo_mismatch,"Coordinates correspond to Meerut but recorded city/state is Bengaluru, unusually far for a Recycler Pickup transaction"
T008354,0,none,
T008355,0,none,
T008356,0,none,
T008357,0,none,
T008358,0,none,
T008359,0,none,
T008360,0,none,
T008361,0,none,
T008362,0,none,
T008363,0,none,
T008364,0,none,
T008365,0,none,
T008366,0,none,
T008367,0,none,
T008368,0,none,
T008369,0,none,
T008370,0,none,
T008371,0,none,
T008372,0,none,
T008373,0,none,
T008374,0,none,
T008375,0,none,
T008376,0,none,
T008377,0,none,
T008378,0,none,
T008379,0,none,
T008380,0,none,
T008381,0,none,
T008382,0,none,
T008383,0,none,
T008384,0,none,
T008385,0,none,
T008386,0,none,
T008387,1,weight_outlier_low,Weight implausibly small (0.005 kg) for Cable item (was 9.49 kg)
T008388,0,none,
T008389,0,none,
T008390,0,none,
T008391,0,none,
T008392,0,none,
T008393,0,none,
T008394,0,none,
T008395,0,none,
T008396,0,none,
T008397,0,none,
T008398,0,none,
T008399,0,none,
T008400,0,none,
T008401,0,none,
T008402,0,none,
T008403,1,weight_outlier_high,Weight implausibly large (409.22 kg) for CRT item (was 8.74 kg)
T008404,0,none,
T008405,0,none,
T008406,0,none,
T008407,0,none,
T008408,0,none,
T008409,0,none,
T008410,0,none,
T008411,0,none,
T008412,0,none,
T008413,0,none,
T008414,0,none,
T008415,0,none,
T008416,0,none,
T008417,0,none,
T008418,0,none,
T008419,0,none,
T008420,0,none,
T008421,0,none,
T008422,1,weight_outlier_low,Weight implausibly small (0.023 kg) for Mixed plastics item (was 8.46 kg)
T008423,0,none,
T008424,0,none,
T008425,0,none,
T008426,0,none,
T008427,0,none,
T008428,0,none,
T008429,0,none,
T008430,0,none,
T008431,1,weight_outlier_high,Weight implausibly large (682.71 kg) for LCD/display item (was 2.91 kg)
T008432,0,none,
T008433,0,none,
T008434,1,suspicious_combination,Unusually high price for CRT despite Poor/Damaged condition
T008435,0,none,
T008436,0,none,
T008437,0,none,
T008438,0,none,
T008439,0,none,
T008440,0,none,
T008441,0,none,
T008442,0,none,
T008443,0,none,
T008444,0,none,
T008445,0,none,
T008446,0,none,
T008447,0,none,
T008448,0,none,
T008449,1,price_outlier_high,Price per kg unrealistically high for Battery
T008450,1,geo_mismatch,"Coordinates correspond to Jaipur but recorded city/state is Kanpur, unusually far for a Collector Drop-off transaction"
T008451,0,none,
T008452,0,none,
T008453,0,none,
T008454,1,weight_outlier_low,Weight implausibly small (0.048 kg) for Battery item (was 15.57 kg)
T008455,0,none,
T008456,0,none,
T008457,0,none,
T008458,0,none,
T008459,1,price_outlier_high,Price per kg unrealistically high for Magnet-bearing assembly
T008460,0,none,
T008461,0,none,
T008462,0,none,
T008463,0,none,
T008464,0,none,
T008465,0,none,
T008466,0,none,
T008467,0,none,
T008468,0,none,
T008469,0,none,
T008470,1,weight_outlier_low,Weight implausibly small (0.041 kg) for Mixed plastics item (was 69.22 kg)
T008471,0,none,
T008472,0,none,
T008473,0,none,
T008474,0,none,
T008475,0,none,
T008476,0,none,
T008477,0,none,
T008478,0,none,
T008479,0,none,
T008480,0,none,
T008481,0,none,
T008482,0,none,
T008483,0,none,
T008484,0,none,
T008485,0,none,
T008486,0,none,
T008487,0,none,
T008488,0,none,
T008489,0,none,
T008490,1,price_outlier_high,Price per kg unrealistically high for Other
T008491,0,none,
T008492,0,none,
T008493,0,none,
T008494,0,none,
T008495,0,none,
T008496,1,price_outlier_high,Price per kg unrealistically high for Magnet-bearing assembly
T008497,0,none,
T008498,0,none,
T008499,0,none,
T008500,0,none,
T008501,0,none,
T008502,0,none,
T008503,0,none,
T008504,0,none,
T008505,1,price_outlier_low,Price per kg far below normal synthetic distribution for Mixed plastics
T008506,0,none,
T008507,0,none,
T008508,0,none,
T008509,0,none,
T008510,0,none,
T008511,0,none,
T008512,0,none,
T008513,0,none,
T008514,0,none,
T008515,0,none,
T008516,0,none,
T008517,0,none,
T008518,0,none,
T008519,0,none,
T008520,0,none,
T008521,1,weight_outlier_low,Weight implausibly small (0.048 kg) for Battery item (was 6.32 kg)
T008522,0,none,
T008523,0,none,
T008524,0,none,
T008525,0,none,
T008526,0,none,
T008527,0,none,
T008528,0,none,
T008529,1,suspicious_combination,Very large weight (165.56 kg) combined with unusually low total value for Battery
T008530,0,none,
T008531,0,none,
T008532,0,none,
T008533,0,none,
T008534,0,none,
T008535,0,none,
T008536,0,none,
T008537,0,none,
T008538,0,none,
T008539,0,none,
T008540,0,none,
T008541,0,none,
T008542,1,geo_mismatch,"Coordinates correspond to Ahmedabad but recorded city/state is Bengaluru, unusually far for a Collector Drop-off transaction"
T008543,0,none,
T008544,0,none,
T008545,0,none,
T008546,0,none,
T008547,0,none,
T008548,0,none,
T008549,0,none,
T008550,0,none,
T008551,0,none,
T008552,0,none,
T008553,0,none,
T008554,0,none,
T008555,0,none,
T008556,1,weight_outlier_high,Weight implausibly large (540.19 kg) for Cable item (was 38.97 kg)
T008557,0,none,
T008558,0,none,
T008559,0,none,
T008560,0,none,
T008561,0,none,
T008562,0,none,
T008563,0,none,
T008564,0,none,
T008565,0,none,
T008566,0,none,
T008567,0,none,
T008568,0,none,
T008569,1,weight_outlier_low,Weight implausibly small (0.017 kg) for Motor item (was 12.42 kg)
T008570,0,none,
T008571,0,none,
T008572,0,none,
T008573,0,none,
T008574,0,none,
T008575,0,none,
T008576,0,none,
T008577,0,none,
T008578,0,none,
T008579,0,none,
T008580,0,none,
T008581,0,none,
T008582,0,none,
T008583,1,value_mismatch,final_sale_value (229.58) inconsistent with weight_kg x final_price_per_kg (expected ~1748.46)
T008584,0,none,
T008585,0,none,
T008586,0,none,
T008587,0,none,
T008588,0,none,
T008589,0,none,
T008590,0,none,
T008591,0,none,
T008592,0,none,
T008593,0,none,
T008594,0,none,
T008595,0,none,
T008596,1,price_outlier_low,Price per kg far below normal synthetic distribution for Battery
T008597,0,none,
T008598,0,none,
T008599,0,none,
T008600,0,none,
T008601,0,none,
T008602,0,none,
T008603,0,none,
T008604,0,none,
T008605,0,none,
T008606,1,geo_mismatch,"Coordinates correspond to Noida but recorded city/state is Kolkata, unusually far for a Collector Drop-off transaction"
T008607,0,none,
T008608,0,none,
T008609,0,none,
T008610,0,none,
T008611,0,none,
T008612,0,none,
T008613,0,none,
T008614,0,none,
T008615,0,none,
T008616,0,none,
T008617,0,none,
T008618,0,none,
T008619,0,none,
T008620,0,none,
T008621,0,none,
T008622,0,none,
T008623,0,none,
T008624,0,none,
T008625,0,none,
T008626,0,none,
T008627,0,none,
T008628,0,none,
T008629,0,none,
T008630,0,none,
T008631,0,none,
T008632,0,none,
T008633,0,none,
T008634,0,none,
T008635,0,none,
T008636,0,none,
T008637,0,none,
T008638,0,none,
T008639,1,weight_outlier_low,Weight implausibly small (0.028 kg) for LCD/display item (was 4.93 kg)
T008640,0,none,
T008641,0,none,
T008642,0,none,
T008643,0,none,
T008644,0,none,
T008645,0,none,
T008646,0,none,
T008647,0,none,
T008648,0,none,
T008649,0,none,
T008650,0,none,
T008651,0,none,
T008652,0,none,
T008653,0,none,
T008654,1,price_outlier_low,Price per kg far below normal synthetic distribution for PCB
T008655,0,none,
T008656,0,none,
T008657,0,none,
T008658,0,none,
T008659,1,price_outlier_low,Price per kg far below normal synthetic distribution for LCD/display
T008660,0,none,
T008661,0,none,
T008662,0,none,
T008663,0,none,
T008664,0,none,
T008665,0,none,
T008666,0,none,
T008667,0,none,
T008668,0,none,
T008669,0,none,
T008670,0,none,
T008671,0,none,
T008672,0,none,
T008673,0,none,
T008674,0,none,
T008675,0,none,
T008676,1,suspicious_combination,Unusually high price for Cable despite Poor/Damaged condition
T008677,0,none,
T008678,0,none,
T008679,0,none,
T008680,0,none,
T008681,0,none,
T008682,0,none,
T008683,0,none,
T008684,0,none,
T008685,0,none,
T008686,0,none,
T008687,0,none,
T008688,1,weight_outlier_high,Weight implausibly large (614.87 kg) for Motor item (was 4.52 kg)
T008689,0,none,
T008690,0,none,
T008691,0,none,
T008692,0,none,
T008693,0,none,
T008694,0,none,
T008695,0,none,
T008696,0,none,
T008697,0,none,
T008698,0,none,
T008699,0,none,
T008700,0,none,
T008701,0,none,
T008702,0,none,
T008703,0,none,
T008704,0,none,
T008705,0,none,
T008706,0,none,
T008707,0,none,
T008708,0,none,
T008709,0,none,
T008710,0,none,
T008711,0,none,
T008712,0,none,
T008713,0,none,
T008714,0,none,
T008715,0,none,
T008716,0,none,
T008717,0,none,
T008718,0,none,
T008719,0,none,
T008720,0,none,
T008721,0,none,
T008722,0,none,
T008723,0,none,
T008724,0,none,
T008725,0,none,
T008726,0,none,
T008727,1,price_outlier_low,Price per kg far below normal synthetic distribution for LCD/display
T008728,0,none,
T008729,0,none,
T008730,0,none,
T008731,0,none,
T008732,0,none,
T008733,0,none,
T008734,1,value_mismatch,final_sale_value (349.35) inconsistent with weight_kg x final_price_per_kg (expected ~72.82)
T008735,0,none,
T008736,0,none,
T008737,0,none,
T008738,0,none,
T008739,0,none,
T008740,0,none,
T008741,0,none,
T008742,0,none,
T008743,0,none,
T008744,0,none,
T008745,0,none,
T008746,1,geo_mismatch,"Coordinates correspond to Chennai but recorded city/state is Bareilly, unusually far for a Collector Drop-off transaction"
T008747,0,none,
T008748,0,none,
T008749,0,none,
T008750,0,none,
T008751,0,none,
T008752,0,none,
T008753,0,none,
T008754,0,none,
T008755,0,none,
T008756,0,none,
T008757,0,none,
T008758,0,none,
T008759,0,none,
T008760,0,none,
T008761,0,none,
T008762,0,none,
T008763,0,none,
T008764,0,none,
T008765,0,none,
T008766,0,none,
T008767,0,none,
T008768,0,none,
T008769,0,none,
T008770,0,none,
T008771,0,none,
T008772,0,none,
T008773,0,none,
T008774,0,none,
T008775,0,none,
T008776,0,none,
T008777,0,none,
T008778,0,none,
T008779,0,none,
T008780,0,none,
T008781,0,none,
T008782,0,none,
T008783,0,none,
T008784,0,none,
T008785,0,none,
T008786,0,none,
T008787,0,none,
T008788,0,none,
T008789,0,none,
T008790,0,none,
T008791,0,none,
T008792,0,none,
T008793,1,suspicious_combination,Very large weight (202.2 kg) combined with unusually low total value for Battery
T008794,0,none,
T008795,0,none,
T008796,0,none,
T008797,0,none,
T008798,0,none,
T008799,0,none,
T008800,0,none,
T008801,0,none,
T008802,0,none,
T008803,0,none,
T008804,0,none,
T008805,0,none,
T008806,0,none,
T008807,0,none,
T008808,0,none,
T008809,0,none,
T008810,0,none,
T008811,0,none,
T008812,0,none,
T008813,0,none,
T008814,0,none,
T008815,0,none,
T008816,1,weight_outlier_high,Weight implausibly large (355.2 kg) for Mixed plastics item (was 16.61 kg)
T008817,0,none,
T008818,0,none,
T008819,0,none,
T008820,0,none,
T008821,0,none,
T008822,0,none,
T008823,0,none,
T008824,0,none,
T008825,0,none,
T008826,0,none,
T008827,0,none,
T008828,0,none,
T008829,0,none,
T008830,1,weight_outlier_high,Weight implausibly large (483.89 kg) for Motor item (was 38.13 kg)
T008831,0,none,
T008832,0,none,
T008833,0,none,
T008834,0,none,
T008835,0,none,
T008836,0,none,
T008837,0,none,
T008838,0,none,
T008839,0,none,
T008840,0,none,
T008841,0,none,
T008842,0,none,
T008843,1,price_outlier_high,Price per kg unrealistically high for Other
T008844,0,none,
T008845,1,geo_mismatch,"Coordinates correspond to Chennai but recorded city/state is Noida, unusually far for a Collector Drop-off transaction"
T008846,0,none,
T008847,0,none,
T008848,0,none,
T008849,0,none,
T008850,0,none,
T008851,0,none,
T008852,0,none,
T008853,1,geo_mismatch,"Coordinates correspond to Noida but recorded city/state is Jaipur, unusually far for a Recycler Pickup transaction"
T008854,0,none,
T008855,0,none,
T008856,0,none,
T008857,1,price_outlier_high,Price per kg unrealistically high for PCB
T008858,0,none,
T008859,0,none,
T008860,0,none,
T008861,0,none,
T008862,0,none,
T008863,0,none,
T008864,0,none,
T008865,0,none,
T008866,0,none,
T008867,1,weight_outlier_low,Weight implausibly small (0.039 kg) for Mixed plastics item (was 6.18 kg)
T008868,0,none,
T008869,0,none,
T008870,0,none,
T008871,0,none,
T008872,0,none,
T008873,0,none,
T008874,0,none,
T008875,0,none,
T008876,0,none,
T008877,0,none,
T008878,0,none,
T008879,0,none,
T008880,0,none,
T008881,0,none,
T008882,0,none,
T008883,0,none,
T008884,0,none,
T008885,1,weight_outlier_low,Weight implausibly small (0.037 kg) for Other item (was 5.9 kg)
T008886,0,none,
T008887,0,none,
T008888,0,none,
T008889,0,none,
T008890,0,none,
T008891,0,none,
T008892,1,price_outlier_high,Price per kg unrealistically high for Motor
T008893,0,none,
T008894,0,none,
T008895,0,none,
T008896,0,none,
T008897,0,none,
T008898,0,none,
T008899,0,none,
T008900,0,none,
T008901,0,none,
T008902,0,none,
T008903,0,none,
T008904,0,none,
T008905,0,none,
T008906,0,none,
T008907,0,none,
T008908,0,none,
T008909,0,none,
T008910,0,none,
T008911,0,none,
T008912,0,none,
T008913,1,value_mismatch,final_sale_value (17299.8) inconsistent with weight_kg x final_price_per_kg (expected ~1942.88)
T008914,0,none,
T008915,0,none,
T008916,0,none,
T008917,0,none,
T008918,0,none,
T008919,0,none,
T008920,0,none,
T008921,1,geo_mismatch,"Coordinates correspond to Jaipur but recorded city/state is Ghaziabad, unusually far for a Recycler Pickup transaction"
T008922,0,none,
T008923,0,none,
T008924,1,weight_outlier_low,Weight implausibly small (0.007 kg) for Cable item (was 27.03 kg)
T008925,0,none,
T008926,0,none,
T008927,0,none,
T008928,0,none,
T008929,1,weight_outlier_high,Weight implausibly large (312.97 kg) for LCD/display item (was 17.6 kg)
T008930,0,none,
T008931,0,none,
T008932,0,none,
T008933,0,none,
T008934,0,none,
T008935,0,none,
T008936,0,none,
T008937,0,none,
T008938,0,none,
T008939,0,none,
T008940,0,none,
T008941,0,none,
T008942,0,none,
T008943,0,none,
T008944,0,none,
T008945,0,none,
T008946,0,none,
T008947,0,none,
T008948,0,none,
T008949,0,none,
T008950,0,none,
T008951,0,none,
T008952,0,none,
T008953,0,none,
T008954,0,none,
T008955,0,none,
T008956,0,none,
T008957,0,none,
T008958,0,none,
T008959,0,none,
T008960,0,none,
T008961,0,none,
T008962,0,none,
T008963,0,none,
T008964,0,none,
T008965,0,none,
T008966,0,none,
T008967,0,none,
T008968,0,none,
T008969,0,none,
T008970,0,none,
T008971,0,none,
T008972,0,none,
T008973,0,none,
T008974,0,none,
T008975,0,none,
T008976,0,none,
T008977,0,none,
T008978,0,none,
T008979,0,none,
T008980,0,none,
T008981,0,none,
T008982,0,none,
T008983,0,none,
T008984,0,none,
T008985,0,none,
T008986,1,price_outlier_high,Price per kg unrealistically high for CRT
T008987,0,none,
T008988,0,none,
T008989,0,none,
T008990,0,none,
T008991,0,none,
T008992,0,none,
T008993,0,none,
T008994,0,none,
T008995,0,none,
T008996,0,none,
T008997,0,none,
T008998,0,none,
T008999,0,none,
T009000,1,price_outlier_high,Price per kg unrealistically high for PCB
T009001,0,none,
T009002,0,none,
T009003,0,none,
T009004,0,none,
T009005,0,none,
T009006,0,none,
T009007,0,none,
T009008,0,none,
T009009,0,none,
T009010,0,none,
T009011,0,none,
T009012,0,none,
T009013,0,none,
T009014,0,none,
T009015,0,none,
T009016,0,none,
T009017,0,none,
T009018,0,none,
T009019,0,none,
T009020,0,none,
T009021,0,none,
T009022,0,none,
T009023,0,none,
T009024,0,none,
T009025,1,price_outlier_high,Price per kg unrealistically high for PCB
T009026,0,none,
T009027,0,none,
T009028,0,none,
T009029,0,none,
T009030,0,none,
T009031,0,none,
T009032,0,none,
T009033,0,none,
T009034,0,none,
T009035,0,none,
T009036,0,none,
T009037,0,none,
T009038,0,none,
T009039,0,none,
T009040,0,none,
T009041,0,none,
T009042,0,none,
T009043,0,none,
T009044,0,none,
T009045,0,none,
T009046,0,none,
T009047,0,none,
T009048,0,none,
T009049,0,none,
T009050,0,none,
T009051,0,none,
T009052,0,none,
T009053,1,geo_mismatch,"Coordinates correspond to Agra but recorded city/state is Kolkata, unusually far for a Recycler Pickup transaction"
T009054,0,none,
T009055,0,none,
T009056,0,none,
T009057,0,none,
T009058,0,none,
T009059,0,none,
T009060,0,none,
T009061,0,none,
T009062,0,none,
T009063,0,none,
T009064,0,none,
T009065,0,none,
T009066,1,suspicious_combination,Very large weight (164.75 kg) combined with unusually low total value for Mixed plastics
T009067,0,none,
T009068,0,none,
T009069,0,none,
T009070,1,value_mismatch,final_sale_value (54.34) inconsistent with weight_kg x final_price_per_kg (expected ~457.59)
T009071,0,none,
T009072,0,none,
T009073,0,none,
T009074,0,none,
T009075,0,none,
T009076,0,none,
T009077,0,none,
T009078,0,none,
T009079,1,price_outlier_high,Price per kg unrealistically high for Mixed plastics
T009080,0,none,
T009081,0,none,
T009082,0,none,
T009083,1,weight_outlier_low,Weight implausibly small (0.04 kg) for PCB item (was 7.46 kg)
T009084,0,none,
T009085,0,none,
T009086,0,none,
T009087,0,none,
T009088,0,none,
T009089,0,none,
T009090,0,none,
T009091,0,none,
T009092,0,none,
T009093,0,none,
T009094,0,none,
T009095,0,none,
T009096,1,price_outlier_low,Price per kg far below normal synthetic distribution for Cable
T009097,0,none,
T009098,0,none,
T009099,0,none,
T009100,0,none,
T009101,0,none,
T009102,0,none,
T009103,0,none,
T009104,0,none,
T009105,0,none,
T009106,0,none,
T009107,0,none,
T009108,0,none,
T009109,0,none,
T009110,0,none,
T009111,0,none,
T009112,0,none,
T009113,0,none,
T009114,0,none,
T009115,0,none,
T009116,0,none,
T009117,0,none,
T009118,0,none,
T009119,0,none,
T009120,0,none,
T009121,0,none,
T009122,0,none,
T009123,0,none,
T009124,0,none,
T009125,0,none,
T009126,0,none,
T009127,0,none,
T009128,0,none,
T009129,0,none,
T009130,0,none,
T009131,0,none,
T009132,0,none,
T009133,0,none,
T009134,0,none,
T009135,0,none,
T009136,0,none,
T009137,0,none,
T009138,0,none,
T009139,0,none,
T009140,0,none,
T009141,0,none,
T009142,0,none,
T009143,0,none,
T009144,0,none,
T009145,1,weight_outlier_low,Weight implausibly small (0.032 kg) for Motor item (was 2.43 kg)
T009146,0,none,
T009147,0,none,
T009148,0,none,
T009149,0,none,
T009150,0,none,
T009151,0,none,
T009152,0,none,
T009153,0,none,
T009154,0,none,
T009155,0,none,
T009156,0,none,
T009157,0,none,
T009158,0,none,
T009159,0,none,
T009160,0,none,
T009161,0,none,
T009162,0,none,
T009163,0,none,
T009164,0,none,
T009165,0,none,
T009166,0,none,
T009167,1,suspicious_combination,Unusually high price for LCD/display despite Poor/Damaged condition
T009168,0,none,
T009169,0,none,
T009170,0,none,
T009171,0,none,
T009172,0,none,
T009173,0,none,
T009174,0,none,
T009175,0,none,
T009176,0,none,
T009177,0,none,
T009178,0,none,
T009179,0,none,
T009180,0,none,
T009181,0,none,
T009182,0,none,
T009183,0,none,
T009184,0,none,
T009185,0,none,
T009186,0,none,
T009187,0,none,
T009188,0,none,
T009189,0,none,
T009190,0,none,
T009191,0,none,
T009192,0,none,
T009193,0,none,
T009194,0,none,
T009195,0,none,
T009196,1,suspicious_combination,Very large weight (166.39 kg) combined with unusually low total value for Cable
T009197,1,suspicious_combination,Very large weight (197.28 kg) combined with unusually low total value for Battery
T009198,0,none,
T009199,0,none,
T009200,0,none,
T009201,0,none,
T009202,0,none,
T009203,0,none,
T009204,0,none,
T009205,0,none,
T009206,0,none,
T009207,0,none,
T009208,0,none,
T009209,0,none,
T009210,0,none,
T009211,0,none,
T009212,0,none,
T009213,0,none,
T009214,0,none,
T009215,0,none,
T009216,0,none,
T009217,0,none,
T009218,0,none,
T009219,0,none,
T009220,0,none,
T009221,0,none,
T009222,0,none,
T009223,0,none,
T009224,0,none,
T009225,0,none,
T009226,0,none,
T009227,0,none,
T009228,0,none,
T009229,0,none,
T009230,0,none,
T009231,0,none,
T009232,0,none,
T009233,0,none,
T009234,0,none,
T009235,0,none,
T009236,0,none,
T009237,0,none,
T009238,0,none,
T009239,0,none,
T009240,0,none,
T009241,0,none,
T009242,0,none,
T009243,0,none,
T009244,0,none,
T009245,0,none,
T009246,0,none,
T009247,0,none,
T009248,0,none,
T009249,0,none,
T009250,0,none,
T009251,0,none,
T009252,0,none,
T009253,0,none,
T009254,0,none,
T009255,0,none,
T009256,0,none,
T009257,0,none,
T009258,0,none,
T009259,0,none,
T009260,0,none,
T009261,0,none,
T009262,0,none,
T009263,0,none,
T009264,0,none,
T009265,0,none,
T009266,0,none,
T009267,0,none,
T009268,0,none,
T009269,0,none,
T009270,0,none,
T009271,0,none,
T009272,1,price_outlier_high,Price per kg unrealistically high for Mixed plastics
T009273,0,none,
T009274,0,none,
T009275,1,suspicious_combination,Very large weight (240.91 kg) combined with unusually low total value for LCD/display
T009276,0,none,
T009277,0,none,
T009278,0,none,
T009279,1,suspicious_combination,Unusually high price for CRT despite Poor/Damaged condition
T009280,0,none,
T009281,0,none,
T009282,0,none,
T009283,0,none,
T009284,0,none,
T009285,0,none,
T009286,0,none,
T009287,0,none,
T009288,0,none,
T009289,0,none,
T009290,0,none,
T009291,0,none,
T009292,0,none,
T009293,0,none,
T009294,1,price_outlier_low,Price per kg far below normal synthetic distribution for Battery
T009295,0,none,
T009296,0,none,
T009297,0,none,
T009298,0,none,
T009299,0,none,
T009300,0,none,
T009301,0,none,
T009302,0,none,
T009303,0,none,
T009304,0,none,
T009305,0,none,
T009306,0,none,
T009307,0,none,
T009308,0,none,
T009309,1,geo_mismatch,"Coordinates correspond to Chennai but recorded city/state is Bengaluru, unusually far for a Recycler Pickup transaction"
T009310,0,none,
T009311,0,none,
T009312,0,none,
T009313,0,none,
T009314,0,none,
T009315,0,none,
T009316,0,none,
T009317,0,none,
T009318,0,none,
T009319,0,none,
T009320,0,none,
T009321,0,none,
T009322,0,none,
T009323,0,none,
T009324,0,none,
T009325,0,none,
T009326,0,none,
T009327,0,none,
T009328,0,none,
T009329,0,none,
T009330,0,none,
T009331,0,none,
T009332,0,none,
T009333,0,none,
T009334,0,none,
T009335,0,none,
T009336,0,none,
T009337,0,none,
T009338,0,none,
T009339,0,none,
T009340,0,none,
T009341,0,none,
T009342,0,none,
T009343,0,none,
T009344,0,none,
T009345,0,none,
T009346,0,none,
T009347,0,none,
T009348,0,none,
T009349,0,none,
T009350,0,none,
T009351,0,none,
T009352,0,none,
T009353,0,none,
T009354,0,none,
T009355,0,none,
T009356,0,none,
T009357,0,none,
T009358,0,none,
T009359,0,none,
T009360,0,none,
T009361,0,none,
T009362,0,none,
T009363,0,none,
T009364,1,weight_outlier_high,Weight implausibly large (400.92 kg) for Motor item (was 10.58 kg)
T009365,0,none,
T009366,0,none,
T009367,0,none,
T009368,0,none,
T009369,0,none,
T009370,0,none,
T009371,0,none,
T009372,0,none,
T009373,0,none,
T009374,0,none,
T009375,0,none,
T009376,0,none,
T009377,0,none,
T009378,0,none,
T009379,0,none,
T009380,0,none,
T009381,0,none,
T009382,0,none,
T009383,0,none,
T009384,0,none,
T009385,1,geo_mismatch,"Coordinates correspond to Bareilly but recorded city/state is Delhi, unusually far for a Collector Drop-off transaction"
T009386,0,none,
T009387,0,none,
T009388,0,none,
T009389,0,none,
T009390,0,none,
T009391,0,none,
T009392,0,none,
T009393,0,none,
T009394,1,weight_outlier_high,Weight implausibly large (420.43 kg) for Other item (was 24.71 kg)
T009395,0,none,
T009396,0,none,
T009397,0,none,
T009398,1,suspicious_combination,Unusually high price for LCD/display despite Poor/Damaged condition
T009399,0,none,
T009400,0,none,
T009401,0,none,
T009402,0,none,
T009403,0,none,
T009404,0,none,
T009405,0,none,
T009406,0,none,
T009407,0,none,
T009408,0,none,
T009409,0,none,
T009410,0,none,
T009411,1,price_outlier_low,Price per kg far below normal synthetic distribution for Mixed plastics
T009412,0,none,
T009413,0,none,
T009414,0,none,
T009415,0,none,
T009416,0,none,
T009417,0,none,
T009418,0,none,
T009419,0,none,
T009420,0,none,
T009421,0,none,
T009422,0,none,
T009423,0,none,
T009424,0,none,
T009425,0,none,
T009426,0,none,
T009427,0,none,
T009428,0,none,
T009429,0,none,
T009430,0,none,
T009431,0,none,
T009432,0,none,
T009433,0,none,
T009434,0,none,
T009435,0,none,
T009436,0,none,
T009437,0,none,
T009438,0,none,
T009439,0,none,
T009440,0,none,
T009441,0,none,
T009442,0,none,
T009443,0,none,
T009444,0,none,
T009445,0,none,
T009446,0,none,
T009447,0,none,
T009448,0,none,
T009449,0,none,
T009450,1,value_mismatch,final_sale_value (97.29) inconsistent with weight_kg x final_price_per_kg (expected ~696.86)
T009451,0,none,
T009452,0,none,
T009453,0,none,
T009454,0,none,
T009455,0,none,
T009456,0,none,
T009457,0,none,
T009458,0,none,
T009459,0,none,
T009460,0,none,
T009461,0,none,
T009462,0,none,
T009463,0,none,
T009464,0,none,
T009465,0,none,
T009466,0,none,
T009467,0,none,
T009468,1,weight_outlier_high,Weight implausibly large (487.71 kg) for Motor item (was 14.74 kg)
T009469,0,none,
T009470,0,none,
T009471,0,none,
T009472,0,none,
T009473,0,none,
T009474,0,none,
T009475,0,none,
T009476,0,none,
T009477,0,none,
T009478,0,none,
T009479,0,none,
T009480,0,none,
T009481,0,none,
T009482,0,none,
T009483,0,none,
T009484,0,none,
T009485,0,none,
T009486,0,none,
T009487,0,none,
T009488,0,none,
T009489,0,none,
T009490,0,none,
T009491,0,none,
T009492,0,none,
T009493,0,none,
T009494,0,none,
T009495,0,none,
T009496,0,none,
T009497,0,none,
T009498,0,none,
T009499,0,none,
T009500,0,none,
T009501,0,none,
T009502,0,none,
T009503,0,none,
T009504,0,none,
T009505,0,none,
T009506,0,none,
T009507,0,none,
T009508,0,none,
T009509,0,none,
T009510,0,none,
T009511,0,none,
T009512,0,none,
T009513,0,none,
T009514,0,none,
T009515,0,none,
T009516,0,none,
T009517,0,none,
T009518,0,none,
T009519,0,none,
T009520,0,none,
T009521,0,none,
T009522,0,none,
T009523,1,suspicious_combination,Unusually high price for Mixed plastics despite Poor/Damaged condition
T009524,0,none,
T009525,0,none,
T009526,0,none,
T009527,0,none,
T009528,1,suspicious_combination,Very large weight (276.78 kg) combined with unusually low total value for PCB
T009529,0,none,
T009530,0,none,
T009531,0,none,
T009532,0,none,
T009533,0,none,
T009534,0,none,
T009535,0,none,
T009536,0,none,
T009537,0,none,
T009538,0,none,
T009539,0,none,
T009540,0,none,
T009541,0,none,
T009542,0,none,
T009543,1,price_outlier_high,Price per kg unrealistically high for Mixed plastics
T009544,0,none,
T009545,0,none,
T009546,0,none,
T009547,0,none,
T009548,0,none,
T009549,0,none,
T009550,0,none,
T009551,0,none,
T009552,0,none,
T009553,0,none,
T009554,0,none,
T009555,0,none,
T009556,0,none,
T009557,0,none,
T009558,1,geo_mismatch,"Coordinates correspond to Pune but recorded city/state is Chandigarh, unusually far for a Recycler Pickup transaction"
T009559,0,none,
T009560,0,none,
T009561,1,weight_outlier_low,Weight implausibly small (0.045 kg) for Mixed plastics item (was 4.97 kg)
T009562,0,none,
T009563,0,none,
T009564,0,none,
T009565,0,none,
T009566,0,none,
T009567,0,none,
T009568,0,none,
T009569,0,none,
T009570,0,none,
T009571,0,none,
T009572,1,suspicious_combination,Unusually high price for Magnet-bearing assembly despite Poor/Damaged condition
T009573,0,none,
T009574,0,none,
T009575,0,none,
T009576,0,none,
T009577,0,none,
T009578,0,none,
T009579,1,weight_outlier_low,Weight implausibly small (0.03 kg) for Other item (was 24.67 kg)
T009580,0,none,
T009581,0,none,
T009582,0,none,
T009583,0,none,
T009584,0,none,
T009585,0,none,
T009586,0,none,
T009587,0,none,
T009588,0,none,
T009589,0,none,
T009590,0,none,
T009591,0,none,
T009592,1,geo_mismatch,"Coordinates correspond to Ghaziabad but recorded city/state is Mumbai, unusually far for a Collector Drop-off transaction"
T009593,0,none,
T009594,0,none,
T009595,0,none,
T009596,0,none,
T009597,0,none,
T009598,0,none,
T009599,0,none,
T009600,0,none,
T009601,0,none,
T009602,0,none,
T009603,0,none,
T009604,0,none,
T009605,0,none,
T009606,1,value_mismatch,final_sale_value (285.4) inconsistent with weight_kg x final_price_per_kg (expected ~1591.56)
T009607,0,none,
T009608,0,none,
T009609,0,none,
T009610,0,none,
T009611,0,none,
T009612,0,none,
T009613,0,none,
T009614,0,none,
T009615,0,none,
T009616,0,none,
T009617,0,none,
T009618,0,none,
T009619,0,none,
T009620,0,none,
T009621,0,none,
T009622,0,none,
T009623,0,none,
T009624,0,none,
T009625,0,none,
T009626,0,none,
T009627,0,none,
T009628,0,none,
T009629,0,none,
T009630,0,none,
T009631,0,none,
T009632,1,value_mismatch,final_sale_value (40.71) inconsistent with weight_kg x final_price_per_kg (expected ~363.52)
T009633,0,none,
T009634,0,none,
T009635,0,none,
T009636,0,none,
T009637,0,none,
T009638,0,none,
T009639,0,none,
T009640,0,none,
T009641,0,none,
T009642,0,none,
T009643,0,none,
T009644,0,none,
T009645,0,none,
T009646,0,none,
T009647,0,none,
T009648,0,none,
T009649,0,none,
T009650,0,none,
T009651,0,none,
T009652,0,none,
T009653,0,none,
T009654,0,none,
T009655,0,none,
T009656,0,none,
T009657,1,value_mismatch,final_sale_value (3803.0) inconsistent with weight_kg x final_price_per_kg (expected ~540.67)
T009658,0,none,
T009659,0,none,
T009660,0,none,
T009661,0,none,
T009662,0,none,
T009663,0,none,
T009664,0,none,
T009665,0,none,
T009666,0,none,
T009667,0,none,
T009668,0,none,
T009669,0,none,
T009670,0,none,
T009671,0,none,
T009672,0,none,
T009673,0,none,
T009674,1,value_mismatch,final_sale_value (2536.41) inconsistent with weight_kg x final_price_per_kg (expected ~359.46)
T009675,0,none,
T009676,0,none,
T009677,0,none,
T009678,0,none,
T009679,0,none,
T009680,0,none,
T009681,0,none,
T009682,0,none,
T009683,0,none,
T009684,0,none,
T009685,1,value_mismatch,final_sale_value (283.43) inconsistent with weight_kg x final_price_per_kg (expected ~2640.93)
T009686,0,none,
T009687,0,none,
T009688,0,none,
T009689,0,none,
T009690,0,none,
T009691,1,geo_mismatch,"Coordinates correspond to Bareilly but recorded city/state is Jaipur, unusually far for a Recycler Pickup transaction"
T009692,1,value_mismatch,final_sale_value (69.47) inconsistent with weight_kg x final_price_per_kg (expected ~896.52)
T009693,0,none,
T009694,1,suspicious_combination,Very large weight (286.2 kg) combined with unusually low total value for LCD/display
T009695,0,none,
T009696,0,none,
T009697,0,none,
T009698,0,none,
T009699,0,none,
T009700,0,none,
T009701,0,none,
T009702,0,none,
T009703,0,none,
T009704,0,none,
T009705,0,none,
T009706,0,none,
T009707,1,weight_outlier_high,Weight implausibly large (838.86 kg) for Magnet-bearing assembly item (was 1.05 kg)
T009708,1,suspicious_combination,Unusually high price for CRT despite Poor/Damaged condition
T009709,0,none,
T009710,0,none,
T009711,1,geo_mismatch,"Coordinates correspond to Chennai but recorded city/state is Bareilly, unusually far for a Recycler Pickup transaction"
T009712,0,none,
T009713,0,none,
T009714,0,none,
T009715,0,none,
T009716,0,none,
T009717,0,none,
T009718,0,none,
T009719,0,none,
T009720,0,none,
T009721,0,none,
T009722,0,none,
T009723,0,none,
T009724,0,none,
T009725,0,none,
T009726,0,none,
T009727,1,geo_mismatch,"Coordinates correspond to Noida but recorded city/state is Chennai, unusually far for a Recycler Pickup transaction"
T009728,0,none,
T009729,0,none,
T009730,0,none,
T009731,0,none,
T009732,0,none,
T009733,0,none,
T009734,1,value_mismatch,final_sale_value (6522.99) inconsistent with weight_kg x final_price_per_kg (expected ~583.42)
T009735,0,none,
T009736,0,none,
T009737,0,none,
T009738,0,none,
T009739,0,none,
T009740,0,none,
T009741,0,none,
T009742,0,none,
T009743,0,none,
T009744,0,none,
T009745,0,none,
T009746,0,none,
T009747,0,none,
T009748,0,none,
T009749,0,none,
T009750,0,none,
T009751,0,none,
T009752,1,geo_mismatch,"Coordinates correspond to Kanpur but recorded city/state is Kolkata, unusually far for a Recycler Pickup transaction"
T009753,1,price_outlier_high,Price per kg unrealistically high for LCD/display
T009754,0,none,
T009755,0,none,
T009756,0,none,
T009757,0,none,
T009758,0,none,
T009759,0,none,
T009760,0,none,
T009761,0,none,
T009762,0,none,
T009763,0,none,
T009764,0,none,
T009765,0,none,
T009766,0,none,
T009767,0,none,
T009768,0,none,
T009769,0,none,
T009770,0,none,
T009771,0,none,
T009772,0,none,
T009773,1,weight_outlier_high,Weight implausibly large (606.21 kg) for Battery item (was 14.13 kg)
T009774,0,none,
T009775,0,none,
T009776,0,none,
T009777,0,none,
T009778,0,none,
T009779,0,none,
T009780,0,none,
T009781,0,none,
T009782,0,none,
T009783,0,none,
T009784,0,none,
T009785,0,none,
T009786,0,none,
T009787,0,none,
T009788,0,none,
T009789,0,none,
T009790,0,none,
T009791,0,none,
T009792,0,none,
T009793,1,weight_outlier_high,Weight implausibly large (829.63 kg) for PCB item (was 8.55 kg)
T009794,0,none,
T009795,0,none,
T009796,0,none,
T009797,0,none,
T009798,0,none,
T009799,0,none,
T009800,0,none,
T009801,0,none,
T009802,0,none,
T009803,0,none,
T009804,0,none,
T009805,0,none,
T009806,0,none,
T009807,0,none,
T009808,1,weight_outlier_low,Weight implausibly small (0.007 kg) for Cable item (was 27.11 kg)
T009809,0,none,
T009810,0,none,
T009811,0,none,
T009812,0,none,
T009813,0,none,
T009814,1,weight_outlier_low,Weight implausibly small (0.016 kg) for Cable item (was 6.59 kg)
T009815,0,none,
T009816,0,none,
T009817,0,none,
T009818,0,none,
T009819,1,value_mismatch,final_sale_value (33.24) inconsistent with weight_kg x final_price_per_kg (expected ~276.73)
T009820,0,none,
T009821,0,none,
T009822,0,none,
T009823,0,none,
T009824,0,none,
T009825,0,none,
T009826,0,none,
T009827,0,none,
T009828,0,none,
T009829,0,none,
T009830,0,none,
T009831,0,none,
T009832,0,none,
T009833,0,none,
T009834,1,value_mismatch,final_sale_value (198.72) inconsistent with weight_kg x final_price_per_kg (expected ~1027.87)
T009835,0,none,
T009836,0,none,
T009837,1,suspicious_combination,Unusually high price for LCD/display despite Poor/Damaged condition
T009838,0,none,
T009839,0,none,
T009840,0,none,
T009841,0,none,
T009842,0,none,
T009843,0,none,
T009844,1,value_mismatch,final_sale_value (2699.5) inconsistent with weight_kg x final_price_per_kg (expected ~584.08)
T009845,0,none,
T009846,0,none,
T009847,0,none,
T009848,0,none,
T009849,1,suspicious_combination,Very large weight (279.81 kg) combined with unusually low total value for Magnet-bearing assembly
T009850,0,none,
T009851,0,none,
T009852,0,none,
T009853,0,none,
T009854,0,none,
T009855,0,none,
T009856,0,none,
T009857,0,none,
T009858,0,none,
T009859,0,none,
T009860,0,none,
T009861,0,none,
T009862,0,none,
T009863,0,none,
T009864,0,none,
T009865,0,none,
T009866,0,none,
T009867,1,suspicious_combination,Unusually high price for PCB despite Poor/Damaged condition
T009868,0,none,
T009869,0,none,
T009870,0,none,
T009871,0,none,
T009872,0,none,
T009873,0,none,
T009874,0,none,
T009875,0,none,
T009876,0,none,
T009877,0,none,
T009878,0,none,
T009879,0,none,
T009880,0,none,
T009881,0,none,
T009882,0,none,
T009883,0,none,
T009884,0,none,
T009885,0,none,
T009886,0,none,
T009887,0,none,
T009888,0,none,
T009889,1,price_outlier_low,Price per kg far below normal synthetic distribution for CRT
T009890,0,none,
T009891,0,none,
T009892,0,none,
T009893,0,none,
T009894,0,none,
T009895,0,none,
T009896,0,none,
T009897,0,none,
T009898,0,none,
T009899,0,none,
T009900,1,geo_mismatch,"Coordinates correspond to Agra but recorded city/state is Noida, unusually far for a Collector Drop-off transaction"
T009901,0,none,
T009902,0,none,
T009903,0,none,
T009904,0,none,
T009905,0,none,
T009906,0,none,
T009907,0,none,
T009908,0,none,
T009909,0,none,
T009910,0,none,
T009911,0,none,
T009912,0,none,
T009913,1,value_mismatch,final_sale_value (103.46) inconsistent with weight_kg x final_price_per_kg (expected ~10.91)
T009914,0,none,
T009915,0,none,
T009916,0,none,
T009917,0,none,
T009918,0,none,
T009919,0,none,
T009920,0,none,
T009921,0,none,
T009922,1,weight_outlier_high,Weight implausibly large (354.53 kg) for Mixed plastics item (was 1.06 kg)
T009923,0,none,
T009924,0,none,
T009925,0,none,
T009926,0,none,
T009927,0,none,
T009928,0,none,
T009929,0,none,
T009930,0,none,
T009931,0,none,
T009932,0,none,
T009933,0,none,
T009934,0,none,
T009935,0,none,
T009936,0,none,
T009937,0,none,
T009938,0,none,
T009939,0,none,
T009940,0,none,
T009941,0,none,
T009942,0,none,
T009943,0,none,
T009944,0,none,
T009945,0,none,
T009946,0,none,
T009947,0,none,
T009948,0,none,
T009949,1,value_mismatch,final_sale_value (105.18) inconsistent with weight_kg x final_price_per_kg (expected ~629.16)
T009950,0,none,
T009951,0,none,
T009952,0,none,
T009953,0,none,
T009954,1,geo_mismatch,"Coordinates correspond to Chennai but recorded city/state is Meerut, unusually far for a Recycler Pickup transaction"
T009955,0,none,
T009956,0,none,
T009957,0,none,
T009958,0,none,
T009959,0,none,
T009960,0,none,
T009961,0,none,
T009962,1,price_outlier_high,Price per kg unrealistically high for PCB
T009963,0,none,
T009964,0,none,
T009965,0,none,
T009966,0,none,
T009967,0,none,
T009968,1,price_outlier_high,Price per kg unrealistically high for Other
T009969,0,none,
T009970,0,none,
T009971,0,none,
T009972,1,price_outlier_low,Price per kg far below normal synthetic distribution for Other
T009973,0,none,
T009974,0,none,
T009975,0,none,
T009976,0,none,
T009977,0,none,
T009978,0,none,
T009979,0,none,
T009980,0,none,
T009981,0,none,
T009982,0,none,
T009983,0,none,
T009984,0,none,
T009985,0,none,
T009986,1,price_outlier_high,Price per kg unrealistically high for CRT
T009987,1,suspicious_combination,Unusually high price for CRT despite Poor/Damaged condition
T009988,0,none,
T009989,1,suspicious_combination,Very large weight (265.88 kg) combined with unusually low total value for LCD/display
T009990,0,none,
T009991,0,none,
T009992,0,none,
T009993,0,none,
T009994,0,none,
T009995,0,none,
T009996,0,none,
T009997,0,none,
T009998,0,none,
T009999,0,none,
T010000,0,none,
